PnPID,ClassName,Description,Manufacturer,ModelNumber,Supplier,Comment,FlagValue,AcquisitionProperties,Status,ParamOnLine
3404,Vessel,VESSEL,,,,,0,#Status,New,
3406,Vessel,VESSEL,,,,,0,#Status,New,
3408,Primary Line Segment,PRIMARY LINE SEGMENT,,,,,0,#Status,New,
3414,Primary Line Segment,PRIMARY LINE SEGMENT,,,,,0,#Status,New,
3418,Primary Line Segment,PRIMARY LINE SEGMENT,,,,,0,#Status,New,
3426,Vessel,VESSEL,,,,,0,#Status,New,
3428,Primary Line Segment,PRIMARY LINE SEGMENT,,,,,0,#Status,New,
3438,Primary Line Segment,PRIMARY LINE SEGMENT,,,,,0,#Status,New,
3440,Primary Line Segment,PRIMARY LINE SEGMENT,,,,,0,#Status,New,
3442,Primary Line Segment,PRIMARY LINE SEGMENT,,,,,0,#Status,New,
3446,Primary Line Segment,PRIMARY LINE SEGMENT,,,,,0,#Status,New,
3448,Primary Line Segment,PRIMARY LINE SEGMENT,,,,,0,#Status,New,
3456,Primary Line Segment,PRIMARY LINE SEGMENT,,,,,0,#Status,New,
3460,Primary Line Segment,PRIMARY LINE SEGMENT,,,,,0,#Status,New,
3466,Primary Line Segment,PRIMARY LINE SEGMENT,,,,,0,#Status,New,
3472,Vessel,VESSEL,,,,,0,#Status,New,
3474,Vessel,VESSEL,,,,,0,#Status,New,
3478,Vessel,VESSEL,,,,,0,#Status,New,
3482,Primary Line Segment,PRIMARY LINE SEGMENT,,,,,0,#Status,New,
3488,Primary Line Segment,PRIMARY LINE SEGMENT,,,,,0,#Status,New,
3492,Primary Line Segment,PRIMARY LINE SEGMENT,,,,,0,#Status,New,
3494,Primary Line Segment,PRIMARY LINE SEGMENT,,,,,0,#Status,New,
3501,Primary Line Segment,PRIMARY LINE SEGMENT,,,,,0,#Status,New,
3505,Primary Line Segment,PRIMARY LINE SEGMENT,,,,,0,#Status,New,
3507,Primary Line Segment,PRIMARY LINE SEGMENT,,,,,0,#Status,New,
3513,Primary Line Segment,PRIMARY LINE SEGMENT,,,,,0,#Status,New,
3517,Primary Line Segment,PRIMARY LINE SEGMENT,,,,,0,#Status,New,
3519,Primary Line Segment,PRIMARY LINE SEGMENT,,,,,0,#Status,New,
3525,Primary Line Segment,PRIMARY LINE SEGMENT,,,,,0,#Status,New,
3527,Flexible Hose,FLEXIBLE HOSE,,,,,0,,New,
3531,Primary Line Segment,PRIMARY LINE SEGMENT,,,,,0,#Status,New,
3533,Flexible Hose,FLEXIBLE HOSE,,,,,0,,New,
3583,Gate Valve,GATE VALVE,,,,,0,Size,,0.02781
3593,Gate Valve,GATE VALVE,,,,,0,Size,,0.02781
3608,Plug,PLUG,,,,,0,"#Status,#Size,#Spec",,
3610,Gate Valve,GATE VALVE,,,,,0,Size,,0.02781
3612,Plug,PLUG,,,,,0,"#Status,#Size,#Spec",,
3616,Plug,PLUG,,,,,0,"#Status,#Size,#Spec",,
3620,Plug,PLUG,,,,,0,"#Status,#Size,#Spec",,
3622,Gate Valve,GATE VALVE,,,,,0,Size,,0.02781
3624,Plug,PLUG,,,,,0,"#Status,#Size,#Spec",,
3626,Gate Valve,GATE VALVE,,,,,0,Size,,0.02781
3628,Plug,PLUG,,,,,0,"#Status,#Size,#Spec",,
3630,Gate Valve,GATE VALVE,,,,,0,Size,,0.02781
3632,Plug,PLUG,,,,,0,"#Status,#Size,#Spec",,
3634,Gate Valve,GATE VALVE,,,,,0,Size,,0.02781
3636,Gate Valve,GATE VALVE,,,,,0,Size,,0.02781
3638,Plug,PLUG,,,,,0,"#Status,#Size,#Spec",,
3640,Gate Valve,GATE VALVE,,,,,0,Size,,0.02781
3642,Gate Valve,GATE VALVE,,,,,0,Size,,0.02781
3644,Plug,PLUG,,,,,0,"#Status,#Size,#Spec",,
3646,Gate Valve,GATE VALVE,,,,,0,Size,,0.02781
3648,Plug,PLUG,,,,,0,"#Status,#Size,#Spec",,
3650,Gate Valve,GATE VALVE,,,,,0,Size,,0.02781
3652,Gate Valve,GATE VALVE,,,,,0,Size,New,0.02781
3660,Gate Valve,GATE VALVE,,,,,0,Size,,0.02781
3672,Flexible Hose,FLEXIBLE HOSE,,,,,0,,,
3674,Flexible Hose,FLEXIBLE HOSE,,,,,0,,,
3676,Gate Valve,GATE VALVE,,,,,0,,New,0.02781
3690,Plug,PLUG,,,,,0,"#Status,#Size,#Spec",,
3698,Plug,PLUG,,,,,0,"#Status,#Size,#Spec",,
3713,Plug,PLUG,,,,,0,"#Status,#Size,#Spec",,
3717,Gate Valve,GATE VALVE,,,,,0,Size,,0.02781
3719,Gate Valve,GATE VALVE,,,,,0,Size,,0.02781
3725,Plug,PLUG,,,,,0,"#Status,#Size,#Spec",,
3735,Plug,PLUG,,,,,0,"#Status,#Size,#Spec",,
3737,Plug,PLUG,,,,,0,"#Status,#Size,#Spec",,
3743,Gate Valve,GATE VALVE,,,,,0,,New,0.02781
3745,Gate Valve,GATE VALVE,,,,,0,"Spec,Size",,0.02781
3747,Plug,PLUG,,,,,0,"#Status,#Size,#Spec",,
3751,Plug,PLUG,,,,,0,"#Status,#Size,#Spec",,
3771,Plug,PLUG,,,,,0,,New,
3779,Plug,PLUG,,,,,0,"#Status,#Size,#Spec",,
3785,Plug,PLUG,,,,,0,"#Status,#Size,#Spec",,
3799,Plug,PLUG,,,,,0,"#Status,#Size,#Spec",,
3808,Plug,PLUG,,,,,0,"#Status,#Size,#Spec",,
3818,Plug,PLUG,,,,,0,"#Status,#Size,#Spec",,
3848,Plug,PLUG,,,,,0,"#Status,#Size,#Spec",,
3850,Gate Valve,GATE VALVE,,,,,0,Size,New,0.02781
3854,Gate Valve,GATE VALVE,,,,,0,Size,,0.02781
3856,Gate Valve,GATE VALVE,,,,,0,Size,,0.02781
3858,Gate Valve,GATE VALVE,,,,,0,Size,New,0.02781
3860,Plug,PLUG,,,,,0,,,
3870,Flexible Hose,FLEXIBLE HOSE,,,,,0,,,
3880,Flexible Hose,FLEXIBLE HOSE,,,,,0,,,
3884,Flexible Hose,FLEXIBLE HOSE,,,,,0,,New,
3890,Vessel,VESSEL,,,,,0,#Status,New,
3953,Gate Valve,GATE VALVE,,,,,0,Size,New,0.02781
3957,Gate Valve,GATE VALVE,,,,,0,Size,New,3.208136
3959,Gate Valve,GATE VALVE,,,,,0,Size,,0.02781
3961,Gate Valve,GATE VALVE,,,,,0,Size,New,0.02781
3965,Gate Valve,GATE VALVE,,,,,0,Size,New,0.02781
3967,Gate Valve,GATE VALVE,,,,,0,Size,New,0.02781
3969,Plug,PLUG,,,,,0,"#Status,#Size,#Spec",,
3971,Gate Valve,GATE VALVE,,,,,0,,New,0.02781
3973,Gate Valve,GATE VALVE,,,,,0,Size,New,0.02781
3975,Gate Valve,GATE VALVE,,,,,0,Size,New,0.02781
3979,Plug,PLUG,,,,,0,"#Status,#Size,#Spec",,
3981,Gate Valve,GATE VALVE,,,,,0,Size,New,3.523306
3987,Gate Valve,GATE VALVE,,,,,0,Size,New,0.02781
3993,Gate Valve,GATE VALVE,,,,,0,Size,New,0.02781
3997,Gate Valve,GATE VALVE,,,,,0,Size,,0.02781
3999,Plug,PLUG,,,,,0,"#Status,#Size,#Spec",,
4002,Gate Valve,GATE VALVE,,,,,0,Size,,0.231565
4008,Gate Valve,GATE VALVE,,,,,0,Size,,0.231565
4010,Plug,PLUG,,,,,0,"#Status,#Size,#Spec",,
4038,Gate Valve,GATE VALVE,,,,,0,Size,New,0.859769
4040,Gate Valve,GATE VALVE,,,,,0,Size,,0.02781
4042,Plug,PLUG,,,,,0,"#Status,#Size,#Spec",,
4044,Gate Valve,GATE VALVE,,,,,0,Size,New,0.02781
4046,Gate Valve,GATE VALVE,,,,,0,Size,New,0.02781
4054,Gate Valve,GATE VALVE,,,,,0,Size,,0.02781
4056,Gate Valve,GATE VALVE,,,,,0,Size,,0.02781
4058,Gate Valve,GATE VALVE,,,,,0,Size,,0.02781
4060,Plug,PLUG,,,,,0,"#Status,#Size,#Spec",,
4062,Plug,PLUG,,,,,0,"#Status,#Size,#Spec",,
4064,Gate Valve,GATE VALVE,,,,,0,Size,New,0.02781
4066,Gate Valve,GATE VALVE,,,,,0,Size,,0.02781
4068,Gate Valve,GATE VALVE,,,,,0,Size,,0.02781
4070,Gate Valve,GATE VALVE,,,,,0,Size,,0.02781
4072,Plug,PLUG,,,,,0,"#Status,#Size,#Spec",,
4074,Gate Valve,GATE VALVE,,,,,0,Size,,0.02781
4076,Plug,PLUG,,,,,0,"#Status,#Size,#Spec",,
4078,Gate Valve,GATE VALVE,,,,,0,Size,,0.02781
4080,Gate Valve,GATE VALVE,,,,,0,Size,New,0.02781
4082,Plug,PLUG,,,,,0,"#Status,#Size,#Spec",,
4084,Gate Valve,GATE VALVE,,,,,0,Size,New,0.02781
4086,Gate Valve,GATE VALVE,,,,,0,Size,,0.02781
4088,Plug,PLUG,,,,,0,"#Status,#Size,#Spec",,
4092,Gate Valve,GATE VALVE,,,,,0,Size,,0.02781
4094,Primary Line Segment,PRIMARY LINE SEGMENT,,,,,0,#Status,New,
4109,Primary Line Segment,PRIMARY LINE SEGMENT,,,,,0,#Status,New,
4115,Vessel,VESSEL,,,,,0,#Status,New,
4117,Vessel,VESSEL,,,,,0,#Status,New,
4157,Primary Line Segment,PRIMARY LINE SEGMENT,,,,,0,#Status,New,
4159,Primary Line Segment,PRIMARY LINE SEGMENT,,,,,0,#Status,New,
4161,Primary Line Segment,PRIMARY LINE SEGMENT,,,,,0,#Status,New,
4163,Primary Line Segment,PRIMARY LINE SEGMENT,,,,,0,#Status,New,
4165,Primary Line Segment,PRIMARY LINE SEGMENT,,,,,0,#Status,New,
4169,Primary Line Segment,PRIMARY LINE SEGMENT,,,,,0,#Status,New,
4171,Primary Line Segment,PRIMARY LINE SEGMENT,,,,,0,#Status,New,
4179,Primary Line Segment,PRIMARY LINE SEGMENT,,,,,0,#Status,New,
4197,Primary Line Segment,PRIMARY LINE SEGMENT,,,,,0,#Status,New,
4199,Primary Line Segment,PRIMARY LINE SEGMENT,,,,,0,#Status,New,
4208,Primary Line Segment,PRIMARY LINE SEGMENT,,,,,0,#Status,New,
4212,Primary Line Segment,PRIMARY LINE SEGMENT,,,,,0,#Status,New,
4214,Primary Line Segment,PRIMARY LINE SEGMENT,,,,,0,#Status,New,
4216,Primary Line Segment,PRIMARY LINE SEGMENT,,,,,0,#Status,New,
4236,Primary Line Segment,PRIMARY LINE SEGMENT,,,,,0,#Status,New,
4238,Primary Line Segment,PRIMARY LINE SEGMENT,,,,,0,#Status,New,
4242,Primary Line Segment,PRIMARY LINE SEGMENT,,,,,0,#Status,New,
4244,Primary Line Segment,PRIMARY LINE SEGMENT,,,,,0,#Status,New,
4246,Primary Line Segment,PRIMARY LINE SEGMENT,,,,,0,#Status,New,
4250,Primary Line Segment,PRIMARY LINE SEGMENT,,,,,0,#Status,New,
4252,Primary Line Segment,PRIMARY LINE SEGMENT,,,,,0,#Status,New,
4258,Primary Line Segment,PRIMARY LINE SEGMENT,,,,,0,#Status,New,
4262,Primary Line Segment,PRIMARY LINE SEGMENT,,,,,0,#Status,New,
4264,Primary Line Segment,PRIMARY LINE SEGMENT,,,,,0,#Status,NEW,
4268,Primary Line Segment,PRIMARY LINE SEGMENT,,,,,0,#Status,New,
4280,Primary Line Segment,PRIMARY LINE SEGMENT,,,,,0,#Status,New,
4282,Primary Line Segment,PRIMARY LINE SEGMENT,,,,,0,#Status,New,
4284,Primary Line Segment,PRIMARY LINE SEGMENT,,,,,0,#Status,New,
4288,Primary Line Segment,PRIMARY LINE SEGMENT,,,,,0,#Status,New,
4290,Vessel,VESSEL,,,,,0,#Status,New,
4292,Vessel,VESSEL,,,,,0,#Status,New,
4301,Primary Line Segment,PRIMARY LINE SEGMENT,,,,,0,#Status,New,
4305,Gate Valve,GATE VALVE,,,,,0,,New,0.0
4309,Check Valve,CHECK VALVE,,,,,0,Size,New,2.882645
4311,Gate Valve,GATE VALVE,,,,,0,,New,3.233247
4327,Gate Valve,GATE VALVE,,,,,0,,New,0.02781
4329,Gate Valve,GATE VALVE,,,,,0,,,0.02781
4331,Weir,WEIR,,,,,0,"#Status,#Size",,
4347,Primary Line Segment,PRIMARY LINE SEGMENT,,,,,0,#Status,New,
4458,Primary Line Segment,PRIMARY LINE SEGMENT,,,,,0,#Status,New,
4460,Primary Line Segment,PRIMARY LINE SEGMENT,,,,,0,#Status,New,
4462,Primary Line Segment,PRIMARY LINE SEGMENT,,,,,0,#Status,New,
4464,Primary Line Segment,PRIMARY LINE SEGMENT,,,,,0,#Status,New,
4466,Primary Line Segment,PRIMARY LINE SEGMENT,,,,,0,#Status,New,
4468,Primary Line Segment,PRIMARY LINE SEGMENT,,,,,0,#Status,New,
4486,Primary Line Segment,PRIMARY LINE SEGMENT,,,,,0,#Status,New,
4488,Primary Line Segment,PRIMARY LINE SEGMENT,,,,,0,#Status,New,
4494,Primary Line Segment,PRIMARY LINE SEGMENT,,,,,0,#Status,New,
4496,Primary Line Segment,PRIMARY LINE SEGMENT,,,,,0,#Status,New,
4498,Primary Line Segment,PRIMARY LINE SEGMENT,,,,,0,#Status,New,
4501,Primary Line Segment,PRIMARY LINE SEGMENT,,,,,0,#Status,New,
4503,Primary Line Segment,PRIMARY LINE SEGMENT,,,,,0,#Status,New,
4505,Primary Line Segment,PRIMARY LINE SEGMENT,,,,,0,#Status,New,
4509,Primary Line Segment,PRIMARY LINE SEGMENT,,,,,0,#Status,New,
4511,Primary Line Segment,PRIMARY LINE SEGMENT,,,,,0,#Status,New,
4515,Primary Line Segment,PRIMARY LINE SEGMENT,,,,,0,#Status,New,
6050,Gate Valve,GATE VALVE,,,,,1,,New,0.069201
6066,Gate Valve,GATE VALVE,,,,,1,Size,New,1.960691
6221,Gate Valve,GATE VALVE,,,,,1,,New,0.180148
6249,Gate Valve,GATE VALVE,,,,,1,,New,1.551893
6308,Gate Valve,GATE VALVE,,,,,1,Size,New,0.110143
6546,Software Signal Line,SOFTWARE SIGNAL LINE,,,,,0,#Status,New,
6548,Software Signal Line,SOFTWARE SIGNAL LINE,,,,,0,#Status,New,
6552,Software Signal Line,SOFTWARE SIGNAL LINE,,,,,0,#Status,New,
6554,Software Signal Line,SOFTWARE SIGNAL LINE,,,,,0,#Status,New,
6564,Flange,FLANGE,,,,,0,Size,New,
6566,Flange,FLANGE,,,,,0,Size,New,
6568,Flange,FLANGE,,,,,0,"#Status,#Spec,Size",,
6570,Flange,FLANGE,,,,,0,Size,New,
6610,Software Signal Line,SOFTWARE SIGNAL LINE,,,,,0,#Status,New,
6621,Software Signal Line,SOFTWARE SIGNAL LINE,,,,,0,#Status,New,
6626,Gate Valve,GATE VALVE,,,,,0,,,3.400695
6629,Software Signal Line,SOFTWARE SIGNAL LINE,,,,,0,#Status,New,
6632,Primary Line Segment,PRIMARY LINE SEGMENT,,,,,0,#Status,New,
6634,Primary Line Segment,PRIMARY LINE SEGMENT,,,,,0,#Status,New,
6636,Primary Line Segment,PRIMARY LINE SEGMENT,,,,,0,#Status,New,
6644,Primary Line Segment,PRIMARY LINE SEGMENT,,,,,0,#Status,New,
6650,Primary Line Segment,PRIMARY LINE SEGMENT,,,,,0,#Status,New,
6656,Primary Line Segment,PRIMARY LINE SEGMENT,,,,,0,#Status,New,
6658,Primary Line Segment,PRIMARY LINE SEGMENT,,,,,0,#Status,New,
6660,Primary Line Segment,PRIMARY LINE SEGMENT,,,,,0,#Status,New,
6665,Primary Line Segment,PRIMARY LINE SEGMENT,,,,,0,#Status,New,
6673,Primary Line Segment,PRIMARY LINE SEGMENT,,,,,0,#Status,New,
6675,Primary Line Segment,PRIMARY LINE SEGMENT,,,,,0,#Status,New,
6677,Primary Line Segment,PRIMARY LINE SEGMENT,,,,,0,#Status,New,
6685,Primary Line Segment,PRIMARY LINE SEGMENT,,,,,0,#Status,New,
6687,Primary Line Segment,PRIMARY LINE SEGMENT,,,,,0,#Status,New,
6691,Primary Line Segment,PRIMARY LINE SEGMENT,,,,,0,#Status,New,
6695,Primary Line Segment,PRIMARY LINE SEGMENT,,,,,0,#Status,New,
6699,Primary Line Segment,PRIMARY LINE SEGMENT,,,,,0,#Status,New,
6702,Primary Line Segment,PRIMARY LINE SEGMENT,,,,,0,#Status,New,
6733,Primary Line Segment,PRIMARY LINE SEGMENT,,,,,0,#Status,New,
6741,Primary Line Segment,PRIMARY LINE SEGMENT,,,,,0,#Status,New,
6743,Primary Line Segment,PRIMARY LINE SEGMENT,,,,,0,#Status,New,
6750,Primary Line Segment,PRIMARY LINE SEGMENT,,,,,0,#Status,New,
6760,Primary Line Segment,PRIMARY LINE SEGMENT,,,,,0,#Status,New,
6783,Primary Line Segment,PRIMARY LINE SEGMENT,,,,,0,#Status,New,
6839,Software Signal Line,SOFTWARE SIGNAL LINE,,,,,0,#Status,New,
7011,Gate Valve,GATE VALVE,,,,,0,Size,New,3.698987
7019,Primary Line Segment,PRIMARY LINE SEGMENT,,,,,0,#Status,New,
7023,Software Signal Line,SOFTWARE SIGNAL LINE,,,,,0,#Status,New,
7025,Software Signal Line,SOFTWARE SIGNAL LINE,,,,,0,#Status,New,
7054,Gate Valve,GATE VALVE,,,,,0,Size,New,0.02781
7060,Gate Valve,GATE VALVE,,,,,0,Size,,0.02781
7068,Gate Valve,GATE VALVE,,,,,0,Size,New,1.302377
7072,Gate Valve,GATE VALVE,,,,,0,Size,,0.02781
7084,Check Valve,CHECK VALVE,,,,,0,Size,,2.878914
7090,Gate Valve,GATE VALVE,,,,,0,Size,,0.02781
7101,Gate Valve,GATE VALVE,,,,,0,Size,New,0.02781
7103,Gate Valve,GATE VALVE,,,,,0,Size,,0.02781
7113,Gate Valve,GATE VALVE,,,,,0,Size,,0.02781
7117,Gate Valve,GATE VALVE,,,,,0,Size,New,0.02781
7129,Gate Valve,GATE VALVE,,,,,0,Size,New,0.02781
7137,Gate Valve,GATE VALVE,,,,,0,Size,New,1.213853
7149,Gate Valve,GATE VALVE,,,,,0,Size,New,0.599449
7153,Gate Valve,GATE VALVE,,,,,0,Size,New,0.02781
7202,Vessel,VESSEL,,,,,0,#Status,New,2.0
7306,Primary Line Segment,PRIMARY LINE SEGMENT,,,,,0,#Status,New,
7321,Gate Valve,GATE VALVE,,,,,0,Size,New,0.064327
7327,Concentric Reducer,CONCENTRIC REDUCER,,,,,0,,New,
7333,Primary Line Segment,PRIMARY LINE SEGMENT,,,,,0,#Status,New,
7337,Concentric Reducer,CONCENTRIC REDUCER,,,,,0,,New,
7349,Centrifugal Pump,CENTRIFUGAL PUMP,,,,,0,#Status,New,0.501595
7364,Electric Motor,ELECTRIC MOTOR,,,,,0,#Status,New,
7385,Flexible Hose,FLEXIBLE HOSE,,,,,0,Size,,
7404,Field DCS,FIELD DCS,,,,,0,#Status,New,
7406,Field DCS,FIELD DCS,,,,,0,#Status,New,
7410,Field DCS,FIELD DCS,,,,,0,#Status,New,
7416,Field DCS,FIELD DCS,,,,,0,#Status,New,
7432,Field DCS,FIELD DCS,,,,,0,#Status,New,
7434,Field DCS,FIELD DCS,,,,,0,#Status,New,
7447,Field DCS,FIELD DCS,,,,,0,#Status,New,
7449,Field DCS,FIELD DCS,,,,,0,#Status,New,
7453,Field DCS,FIELD DCS,,,,,0,#Status,New,
7461,Concentric Reducer,CONCENTRIC REDUCER,,,,,0,,New,
7469,Primary Line Segment,PRIMARY LINE SEGMENT,,,,,0,#Status,New,
7602,Flexible Hose,FLEXIBLE HOSE,,,,,0,,New,
7610,Gate Valve,GATE VALVE,,,,,0,Size,New,0.064327
7620,Field DCS,FIELD DCS,,,,,0,#Status,New,
7624,Concentric Reducer,CONCENTRIC REDUCER,,,,,0,,New,
7626,Primary Line Segment,PRIMARY LINE SEGMENT,,,,,0,#Status,New,
7629,Primary Line Segment,PRIMARY LINE SEGMENT,,,,,0,#Status,New,
7631,Primary Line Segment,PRIMARY LINE SEGMENT,,,,,0,#Status,New,
7635,Primary Line Segment,PRIMARY LINE SEGMENT,,,,,0,#Status,New,
7640,Concentric Reducer,CONCENTRIC REDUCER,,,,,0,,New,
7642,Primary Line Segment,PRIMARY LINE SEGMENT,,,,,0,#Status,New,
7644,Field DCS,FIELD DCS,,,,,0,#Status,New,
7646,Field DCS,FIELD DCS,,,,,0,#Status,New,
7654,Primary Line Segment,PRIMARY LINE SEGMENT,,,,,0,#Status,New,
7657,Primary Line Segment,PRIMARY LINE SEGMENT,,,,,0,#Status,New,
7659,Primary Line Segment,PRIMARY LINE SEGMENT,,,,,0,#Status,New,
7661,Primary Line Segment,PRIMARY LINE SEGMENT,,,,,0,#Status,New,
7678,Gate Valve,GATE VALVE,,,,,0,Size,New,0.485233
7713,Field DCS,FIELD DCS,,,,,0,#Status,New,
7717,Concentric Reducer,CONCENTRIC REDUCER,,,,,0,,New,
7729,Primary Line Segment,PRIMARY LINE SEGMENT,,,,,0,#Status,New,
7731,Field DCS,FIELD DCS,,,,,0,#Status,New,
7733,Primary Line Segment,PRIMARY LINE SEGMENT,,,,,0,#Status,New,
7736,Field DCS,FIELD DCS,,,,,0,#Status,New,
7738,Field DCS,FIELD DCS,,,,,0,#Status,New,
7740,Field DCS,FIELD DCS,,,,,0,#Status,New,
7742,Field DCS,FIELD DCS,,,,,0,#Status,New,
7746,Concentric Reducer,CONCENTRIC REDUCER,,,,,0,,New,0.359559
7770,Concentric Reducer,CONCENTRIC REDUCER,,,,,0,,New,0.450113
7797,Gate Valve,GATE VALVE,,,,,0,Size,New,0.279203
7810,Flanged Nozzle,FLANGED NOZZLE,,,,,0,"#Status,#Size,#Spec",,
7812,Field DCS,FIELD DCS,,,,,0,#Status,New,
7814,Field DCS,FIELD DCS,,,,,0,#Status,New,
7816,Primary Line Segment,PRIMARY LINE SEGMENT,,,,,0,#Status,New,
7826,Electric Motor,ELECTRIC MOTOR,,,,,0,#Status,New,
7835,Electric Motor,ELECTRIC MOTOR,,,,,0,#Status,New,
7841,Centrifugal Pump,CENTRIFUGAL PUMP,,,,,0,#Status,New,0.501595
7847,Field DCS,FIELD DCS,,,,,0,#Status,New,
7849,Primary Line Segment,PRIMARY LINE SEGMENT,,,,,0,#Status,New,
7851,Primary Line Segment,PRIMARY LINE SEGMENT,,,,,0,#Status,New,
7853,Primary Line Segment,PRIMARY LINE SEGMENT,,,,,0,#Status,New,
7902,Field DCS,FIELD DCS,,,,,0,#Status,New,
7904,Field DCS,FIELD DCS,,,,,0,#Status,New,
7912,Concentric Reducer,CONCENTRIC REDUCER,,,,,0,,New,
7916,Primary Line Segment,PRIMARY LINE SEGMENT,,,,,0,#Status,New,
7924,Primary Line Segment,PRIMARY LINE SEGMENT,,,,,0,#Status,New,
7928,Concentric Reducer,CONCENTRIC REDUCER,,,,,0,,New,
7930,Primary Line Segment,PRIMARY LINE SEGMENT,,,,,0,#Status,New,
7933,Primary Line Segment,PRIMARY LINE SEGMENT,,,,,0,#Status,New,
7935,Primary Line Segment,PRIMARY LINE SEGMENT,,,,,0,#Status,New,
7940,Concentric Reducer,CONCENTRIC REDUCER,,,,,0,,New,
7942,Primary Line Segment,PRIMARY LINE SEGMENT,,,,,0,#Status,New,
7946,Concentric Reducer,CONCENTRIC REDUCER,,,,,0,,New,
7952,Primary Line Segment,PRIMARY LINE SEGMENT,,,,,0,#Status,New,
7956,Primary Line Segment,PRIMARY LINE SEGMENT,,,,,0,#Status,New,
7958,Flanged Nozzle,FLANGED NOZZLE,,,,,0,"#Size,#Spec",New,
7962,Concentric Reducer,CONCENTRIC REDUCER,,,,,0,,New,
7964,Primary Line Segment,PRIMARY LINE SEGMENT,,,,,0,#Status,New,
7968,Concentric Reducer,CONCENTRIC REDUCER,,,,,0,,New,
7970,Primary Line Segment,PRIMARY LINE SEGMENT,,,,,0,#Status,New,
7974,Gate Valve,GATE VALVE,,,,,0,Size,New,0.186692
7978,Concentric Reducer,CONCENTRIC REDUCER,,,,,0,,New,
7980,Primary Line Segment,PRIMARY LINE SEGMENT,,,,,0,#Status,New,
7984,Gate Valve,GATE VALVE,,,,,0,Size,,0.186692
7986,Electric Motor,ELECTRIC MOTOR,,,,,0,#Status,New,
7994,Centrifugal Pump,CENTRIFUGAL PUMP,,,,,0,#Status,New,0.0
8001,Field DCS,FIELD DCS,,,,,0,#Status,New,
8009,Gate Valve,GATE VALVE,,,,,0,Size,,0.186692
8017,Concentric Reducer,CONCENTRIC REDUCER,,,,,0,,New,
8019,Primary Line Segment,PRIMARY LINE SEGMENT,,,,,0,#Status,New,
8023,Gate Valve,GATE VALVE,,,,,0,Size,New,1.0
8030,FIELDCS2,FIELDCS2,,,,,0,#Status,New,
8032,FIELDCS2,FIELDCS2,,,,,0,#Status,New,
8034,FIELDCS2,FIELDCS2,,,,,0,#Status,New,
8036,FIELDCS2,FIELDCS2,,,,,0,#Status,New,
8040,Concentric Reducer,CONCENTRIC REDUCER,,,,,0,,New,
8042,Primary Line Segment,PRIMARY LINE SEGMENT,,,,,0,#Status,New,
8046,Gate Valve,GATE VALVE,,,,,0,Size,New,0.107866
8050,Gate Valve,GATE VALVE,,,,,0,Size,,0.161998
8054,Concentric Reducer,CONCENTRIC REDUCER,,,,,0,,New,2.0
8070,Concentric Reducer,CONCENTRIC REDUCER,,,,,0,,New,
8076,Concentric Reducer,CONCENTRIC REDUCER,,,,,0,,New,
8078,Primary Line Segment,PRIMARY LINE SEGMENT,,,,,0,#Status,New,
8082,Gate Valve,GATE VALVE,,,,,0,Size,New,0.219911
8086,Gate Valve,GATE VALVE,,,,,0,Size,New,0.219911
8088,FIELDCS2,FIELDCS2,,,,,0,#Status,New,
8092,Gate Valve,GATE VALVE,,,,,0,Size,,0.186692
8096,Concentric Reducer,CONCENTRIC REDUCER,,,,,0,,New,
8101,Primary Line Segment,PRIMARY LINE SEGMENT,,,,,0,#Status,New,
8112,FIELDDCS3,FIELDDCS3,,,,,0,#Status,New,
8115,FIELDDCS3,FIELDDCS3,,,,,0,#Status,New,
8119,Gate Valve,GATE VALVE,,,,,0,Size,New,1.229776
8125,Gate Valve,GATE VALVE,,,,,0,Size,New,0.186692
8131,Concentric Reducer,CONCENTRIC REDUCER,,,,,0,,New,
8133,Primary Line Segment,PRIMARY LINE SEGMENT,,,,,0,#Status,New,
8137,Gate Valve,GATE VALVE,,,,,0,Size,New,0.778281
8157,Concentric Reducer,CONCENTRIC REDUCER,,,,,0,,New,
8161,Primary Line Segment,PRIMARY LINE SEGMENT,,,,,0,#Status,New,
8165,Check Valve,CHECK VALVE,,,,,0,Size,New,0.547912
8182,Concentric Reducer,CONCENTRIC REDUCER,,,,,0,,New,
8186,Primary Line Segment,PRIMARY LINE SEGMENT,,,,,0,#Status,New,
8196,FIELDCS2,FIELDCS2,,,,,0,#Status,New,
8198,FIELDCS2,FIELDCS2,,,,,0,#Status,New,
8201,FIELDDCS3,FIELDDCS3,,,,,0,#Status,New,
8217,FIELDCS2,FIELDCS2,,,,,0,#Status,New,
8219,FIELDCS2,FIELDCS2,,,,,0,#Status,New,
8221,Concentric Reducer,CONCENTRIC REDUCER,,,,,0,,New,
8225,Primary Line Segment,PRIMARY LINE SEGMENT,,,,,0,#Status,New,
8227,Field DCS,FIELD DCS,,,,,0,#Status,New,
8233,Concentric Reducer,CONCENTRIC REDUCER,,,,,0,,New,
8235,Primary Line Segment,PRIMARY LINE SEGMENT,,,,,0,#Status,New,
8237,FIELDCS2,FIELDCS2,,,,,0,#Status,New,
8269,Angle Valve,ANGLE VALVE,,,Staalname,,0,"#Status,#Spec,Size",,
8280,Angle Valve,ANGLE VALVE,,,Staalname,,0,"#Status,#Spec,Size",,
8284,FIELDCS2,FIELDCS2,,,,,0,#Status,New,
8286,FIELDCS2,FIELDCS2,,,,,0,#Status,New,
8288,FIELDCS2,FIELDCS2,,,,,0,#Status,New,
8290,FIELDCS2,FIELDCS2,,,,,0,#Status,New,
8292,FIELDCS2,FIELDCS2,,,,,0,#Status,New,
8408,Concentric Reducer,CONCENTRIC REDUCER,,,,,0,,New,
8430,Check Valve,CHECK VALVE,,,,,0,Size,New,0.627085
8439,Check Valve,CHECK VALVE,,,,,0,Size,New,1.566427
8445,Concentric Reducer,CONCENTRIC REDUCER,,,,,0,,New,
8451,Primary Line Segment,PRIMARY LINE SEGMENT,,,,,0,#Status,New,
8459,Concentric Reducer,CONCENTRIC REDUCER,,,,,0,,New,
8461,Primary Line Segment,PRIMARY LINE SEGMENT,,,,,0,#Status,New,
8469,Concentric Reducer,CONCENTRIC REDUCER,,,,,0,,New,
8473,Field DCS,FIELD DCS,,,,,0,#Status,New,
8479,Centrifugal Pump,CENTRIFUGAL PUMP,,,,,0,#Status,New,0.501595
8486,Electric Motor,ELECTRIC MOTOR,,,,,0,#Status,New,
8489,FIELDDCS3,FIELDDCS3,,,,,0,#Status,New,
8491,FIELDCS2,FIELDCS2,,,,,0,#Status,New,
8493,Field DCS,FIELD DCS,,,,,0,#Status,New,
8497,Concentric Reducer,CONCENTRIC REDUCER,,,,,0,,New,
8499,Primary Line Segment,PRIMARY LINE SEGMENT,,,,,0,#Status,New,
8504,FIELDCS2,FIELDCS2,,,,,0,#Status,New,
8513,Concentric Reducer,CONCENTRIC REDUCER,,,,,0,,New,
8515,Primary Line Segment,PRIMARY LINE SEGMENT,,,,,0,#Status,New,
8519,Check Valve,CHECK VALVE,,,,,0,Size,New,0.551345
8545,FIELDCS2,FIELDCS2,,,,,0,#Status,New,
8549,Concentric Reducer,CONCENTRIC REDUCER,,,,,0,,New,
8551,Primary Line Segment,PRIMARY LINE SEGMENT,,,,,0,#Status,New,
8555,Concentric Reducer,CONCENTRIC REDUCER,,,,,0,,New,1.453244
8569,Concentric Reducer,CONCENTRIC REDUCER,,,,,0,,New,
8571,Primary Line Segment,PRIMARY LINE SEGMENT,,,,,0,#Status,New,
8573,FIELDDCS3,FIELDDCS3,,,,,0,#Status,New,
8575,FIELDCS2,FIELDCS2,,,,,0,#Status,New,
8577,FIELDCS2,FIELDCS2,,,,,0,#Status,New,
8579,Field DCS,FIELD DCS,,,,,0,#Status,New,
8581,Primary Line Segment,PRIMARY LINE SEGMENT,,,,,0,#Status,New,
8584,Field DCS,FIELD DCS,,,,,0,#Status,New,
8586,Field DCS,FIELD DCS,,,,,0,#Status,New,
8588,Primary Line Segment,PRIMARY LINE SEGMENT,,,,,0,#Status,New,
8598,Primary Line Segment,PRIMARY LINE SEGMENT,,,,,0,#Status,New,
8605,Concentric Reducer,CONCENTRIC REDUCER,,,,,0,,New,
8609,Primary Line Segment,PRIMARY LINE SEGMENT,,,,,0,#Status,New,
8616,Concentric Reducer,CONCENTRIC REDUCER,,,,,0,,New,
8618,Primary Line Segment,PRIMARY LINE SEGMENT,,,,,0,#Status,New,
8620,Field DCS,FIELD DCS,,,,,0,#Status,New,
8651,Field DCS,FIELD DCS,,,,,0,#Status,New,
8653,Primary Line Segment,PRIMARY LINE SEGMENT,,,,,0,#Status,New,
8655,Primary Line Segment,PRIMARY LINE SEGMENT,,,,,0,#Status,New,
8659,Electrical Signal Line,ELECTRICAL SIGNAL LINE,,,,,0,#Status,New,
8662,Primary Line Segment,PRIMARY LINE SEGMENT,,,,,0,#Status,New,
8669,Field DCS,FIELD DCS,,,,,0,#Status,New,
8671,Primary Line Segment,PRIMARY LINE SEGMENT,,,,,0,#Status,New,
8683,Concentric Reducer,CONCENTRIC REDUCER,,,,,0,,New,
8687,Primary Line Segment,PRIMARY LINE SEGMENT,,,,,0,#Status,New,
8702,FIELDCS2,FIELDCS2,,,,,0,#Status,New,
8715,Concentric Reducer,CONCENTRIC REDUCER,,,,,0,,New,
8719,Primary Line Segment,PRIMARY LINE SEGMENT,,,,,0,#Status,New,
8721,Primary Line Segment,PRIMARY LINE SEGMENT,,,,,0,#Status,New,
8723,Primary Line Segment,PRIMARY LINE SEGMENT,,,,,0,#Status,New,
8725,Primary Line Segment,PRIMARY LINE SEGMENT,,,,,0,#Status,New,
8730,Primary Line Segment,PRIMARY LINE SEGMENT,,,,,0,#Status,New,
8737,FIELDCS2,FIELDCS2,,,,,0,#Status,New,
8741,Concentric Reducer,CONCENTRIC REDUCER,,,,,0,,New,
8743,Primary Line Segment,PRIMARY LINE SEGMENT,,,,,0,#Status,New,
8747,Concentric Reducer,CONCENTRIC REDUCER,,,,,0,,New,
8749,Primary Line Segment,PRIMARY LINE SEGMENT,,,,,0,#Status,New,
8755,Concentric Reducer,CONCENTRIC REDUCER,,,,,0,,New,
8757,Primary Line Segment,PRIMARY LINE SEGMENT,,,,,0,#Status,New,
8759,Primary Line Segment,PRIMARY LINE SEGMENT,,,,,0,#Status,New,
8762,FIELDCS2,FIELDCS2,,,,,0,#Status,New,
8764,FIELDDCS3,FIELDDCS3,,,,,0,#Status,New,
8766,Primary Line Segment,PRIMARY LINE SEGMENT,,,,,0,#Status,New,
8769,FIELDCS2,FIELDCS2,,,,,0,#Status,New,
8775,Electric Motor,ELECTRIC MOTOR,,,,,0,#Status,New,
8778,Centrifugal Pump,CENTRIFUGAL PUMP,,,,,0,#Status,New,
8783,FIELDDCS3,FIELDDCS3,,,,,0,#Status,New,
8785,FIELDCS2,FIELDCS2,,,,,0,#Status,New,
8791,Electric Motor,ELECTRIC MOTOR,,,,,0,#Status,New,
8794,Centrifugal Pump,CENTRIFUGAL PUMP,,,,,0,#Status,New,
8798,Primary Line Segment,PRIMARY LINE SEGMENT,,,,,0,#Status,New,
8805,Concentric Reducer,CONCENTRIC REDUCER,,,,,0,,New,0.945353
8836,Concentric Reducer,CONCENTRIC REDUCER,,,,,0,,New,
8838,Primary Line Segment,PRIMARY LINE SEGMENT,,,,,0,#Status,New,
8849,Primary Line Segment,PRIMARY LINE SEGMENT,,,,,0,#Status,New,
8851,Primary Line Segment,PRIMARY LINE SEGMENT,,,,,0,#Status,New,
8858,Primary Line Segment,PRIMARY LINE SEGMENT,,,,,0,#Status,New,
8860,Primary Line Segment,PRIMARY LINE SEGMENT,,,,,0,#Status,New,
8862,Primary Line Segment,PRIMARY LINE SEGMENT,,,,,0,#Status,New,
8867,FIELDCS2,FIELDCS2,,,,,0,#Status,New,
8869,Field DCS,FIELD DCS,,,,,0,#Status,New,
8871,Primary Line Segment,PRIMARY LINE SEGMENT,,,,,0,#Status,New,
8874,Field DCS,FIELD DCS,,,,,0,#Status,New,
8880,Concentric Reducer,CONCENTRIC REDUCER,,,,,0,,New,
8882,Primary Line Segment,PRIMARY LINE SEGMENT,,,,,0,#Status,New,
8884,Primary Line Segment,PRIMARY LINE SEGMENT,,,,,0,#Status,New,
8890,Field DCS,FIELD DCS,,,,,0,#Status,New,
8894,Concentric Reducer,CONCENTRIC REDUCER,,,,,0,,New,
8896,Primary Line Segment,PRIMARY LINE SEGMENT,,,,,0,#Status,New,
8902,Primary Line Segment,PRIMARY LINE SEGMENT,,,,,0,#Status,New,
8904,Field DCS,FIELD DCS,,,,,0,#Status,New,
8906,Primary Line Segment,PRIMARY LINE SEGMENT,,,,,0,#Status,New,
8909,Field DCS,FIELD DCS,,,,,0,#Status,New,
8911,FIELDCS2,FIELDCS2,,,,,0,#Status,New,
8913,Software Signal Line,SOFTWARE SIGNAL LINE,,,,,0,#Status,New,
8915,Software Signal Line,SOFTWARE SIGNAL LINE,,,,,0,#Status,New,
8919,Field DCS,FIELD DCS,,,,,0,#Status,New,
8921,Primary Line Segment,PRIMARY LINE SEGMENT,,,,,0,#Status,New,
8924,Flexible Hose,FLEXIBLE HOSE,,,,,0,Size,New,
9006,Flexible Hose,FLEXIBLE HOSE,,,,,0,"#Status,#Spec,Size",,
9008,Primary Line Segment,PRIMARY LINE SEGMENT,,,,,0,#Status,New,
9010,Primary Line Segment,PRIMARY LINE SEGMENT,,,,,0,#Status,New,
9012,Primary Line Segment,PRIMARY LINE SEGMENT,,,,,0,#Status,New,
9014,Primary Line Segment,PRIMARY LINE SEGMENT,,,,,0,#Status,New,
9016,Primary Line Segment,PRIMARY LINE SEGMENT,,,,,0,#Status,New,
9029,Angle Valve,ANGLE VALVE,,,Staalname,,0,"#Status,#Spec,Size",,
9038,Concentric Reducer,CONCENTRIC REDUCER,,,,,0,,New,
9040,Primary Line Segment,PRIMARY LINE SEGMENT,,,,,0,#Status,New,
9042,Flanged Nozzle,FLANGED NOZZLE,,,,,0,"#Size,#Spec",New,
9044,Field DCS,FIELD DCS,,,,,0,#Status,New,
9046,Primary Line Segment,PRIMARY LINE SEGMENT,,,,,0,#Status,New,
9051,Concentric Reducer,CONCENTRIC REDUCER,,,,,0,,New,
9053,Primary Line Segment,PRIMARY LINE SEGMENT,,,,,0,#Status,New,
9072,Field DCS,FIELD DCS,,,,,0,#Status,New,
9074,Primary Line Segment,PRIMARY LINE SEGMENT,,,,,0,#Status,New,
9081,Concentric Reducer,CONCENTRIC REDUCER,,,,,0,,New,
9083,Primary Line Segment,PRIMARY LINE SEGMENT,,,,,0,#Status,New,
9090,Field DCS,FIELD DCS,,,,,0,#Status,New,
9092,Primary Line Segment,PRIMARY LINE SEGMENT,,,,,0,#Status,New,
9097,Software Signal Line,SOFTWARE SIGNAL LINE,,,,,0,#Status,New,
9099,Field DCS,FIELD DCS,,,,,0,#Status,New,
9102,Field DCS,FIELD DCS,,,,,0,#Status,New,
9104,FIELDCS2,FIELDCS2,,,,,0,#Status,New,
9106,Flexible Hose,FLEXIBLE HOSE,,,,,0,,New,
9108,Primary Line Segment,PRIMARY LINE SEGMENT,,,,,0,#Status,New,
9112,Primary Line Segment,PRIMARY LINE SEGMENT,,,,,0,#Status,New,
9118,Primary Line Segment,PRIMARY LINE SEGMENT,,,,,0,#Status,New,
9120,Primary Line Segment,PRIMARY LINE SEGMENT,,,,,0,#Status,New,
9122,Primary Line Segment,PRIMARY LINE SEGMENT,,,,,0,#Status,New,
9130,Primary Line Segment,PRIMARY LINE SEGMENT,,,,,0,#Status,New,
9139,Software Signal Line,SOFTWARE SIGNAL LINE,,,,,0,#Status,New,
9141,Software Signal Line,SOFTWARE SIGNAL LINE,,,,,0,#Status,New,
9147,Field DCS,FIELD DCS,,,,,0,#Status,New,
9149,Field DCS,FIELD DCS,,,,,0,#Status,New,
9151,FIELDCS2,FIELDCS2,,,,,0,#Status,New,
9153,Field DCS,FIELD DCS,,,,,0,#Status,New,
9155,Primary Line Segment,PRIMARY LINE SEGMENT,,,,,0,#Status,New,
9161,Primary Line Segment,PRIMARY LINE SEGMENT,,,,,0,#Status,New,
9164,Field DCS,FIELD DCS,,,,,0,#Status,New,
9171,Concentric Reducer,CONCENTRIC REDUCER,,,,,0,,New,
9173,Primary Line Segment,PRIMARY LINE SEGMENT,,,,,0,#Status,New,
9177,Primary Line Segment,PRIMARY LINE SEGMENT,,,,,0,#Status,New,
9181,Primary Line Segment,PRIMARY LINE SEGMENT,,,,,0,#Status,New,
9185,Primary Line Segment,PRIMARY LINE SEGMENT,,,,,0,#Status,New,
9204,Concentric Reducer,CONCENTRIC REDUCER,,,,,0,,New,
9206,Primary Line Segment,PRIMARY LINE SEGMENT,,,,,0,#Status,New,
9211,Software Signal Line,SOFTWARE SIGNAL LINE,,,,,0,#Status,New,
9213,Software Signal Line,SOFTWARE SIGNAL LINE,,,,,0,#Status,New,
9217,Field DCS,FIELD DCS,,,,,0,#Status,New,
9219,Field DCS,FIELD DCS,,,,,0,#Status,New,
9221,FIELDCS2,FIELDCS2,,,,,0,#Status,New,
9225,Software Signal Line,SOFTWARE SIGNAL LINE,,,,,0,#Status,New,
9227,Gate Valve,GATE VALVE,,,,,0,Size,New,1.0
9236,Field DCS,FIELD DCS,,,,,0,#Status,New,
9241,Primary Line Segment,PRIMARY LINE SEGMENT,,,,,0,#Status,New,
9244,Primary Line Segment,PRIMARY LINE SEGMENT,,,,,0,#Status,New,
9254,Primary Line Segment,PRIMARY LINE SEGMENT,,,,,0,#Status,New,
9262,Concentric Reducer,CONCENTRIC REDUCER,,,,,0,,New,
9264,Primary Line Segment,PRIMARY LINE SEGMENT,,,,,0,#Status,New,
9266,Field DCS,FIELD DCS,,,,,0,#Status,New,
9271,Primary Line Segment,PRIMARY LINE SEGMENT,,,,,0,#Status,New,
9273,Primary Line Segment,PRIMARY LINE SEGMENT,,,,,0,#Status,New,
9276,Field DCS,FIELD DCS,,,,,0,#Status,New,
9278,Primary Line Segment,PRIMARY LINE SEGMENT,,,,,0,#Status,New,
9289,Concentric Reducer,CONCENTRIC REDUCER,,,,,0,,New,
9291,Primary Line Segment,PRIMARY LINE SEGMENT,,,,,0,#Status,New,
9293,Primary Line Segment,PRIMARY LINE SEGMENT,,,,,0,#Status,New,
9297,Primary Line Segment,PRIMARY LINE SEGMENT,,,,,0,#Status,New,
9299,Primary Line Segment,PRIMARY LINE SEGMENT,,,,,0,#Status,New,
9304,Primary Line Segment,PRIMARY LINE SEGMENT,,,,,0,#Status,New,
9306,Primary Line Segment,PRIMARY LINE SEGMENT,,,,,0,#Status,New,
9319,Concentric Reducer,CONCENTRIC REDUCER,,,,,0,,New,
9321,Primary Line Segment,PRIMARY LINE SEGMENT,,,,,0,#Status,New,
9327,Primary Line Segment,PRIMARY LINE SEGMENT,,,,,0,#Status,New,
9330,Field DCS,FIELD DCS,,,,,0,#Status,New,
9338,Concentric Reducer,CONCENTRIC REDUCER,,,,,0,,New,
9340,Primary Line Segment,PRIMARY LINE SEGMENT,,,,,0,#Status,New,
9345,Software Signal Line,SOFTWARE SIGNAL LINE,,,,,0,#Status,New,
9350,Software Signal Line,SOFTWARE SIGNAL LINE,,,,,0,#Status,New,
9353,Field DCS,FIELD DCS,,,,,0,#Status,New,
9355,Field DCS,FIELD DCS,,,,,0,#Status,New,
9357,Primary Line Segment,PRIMARY LINE SEGMENT,,,,,0,#Status,New,
9363,Gate Valve,GATE VALVE,,,,,0,Size,New,0.045363
9369,Gate Valve,GATE VALVE,,,,,0,Size,New,2.743168
9373,Vessel,VESSEL,,,,,0,#Status,New,
9378,Primary Line Segment,PRIMARY LINE SEGMENT,,,,,0,#Status,New,
9384,Primary Line Segment,PRIMARY LINE SEGMENT,,,,,0,#Status,New,
9386,Primary Line Segment,PRIMARY LINE SEGMENT,,,,,0,#Status,New,
9390,Primary Line Segment,PRIMARY LINE SEGMENT,,,,,0,#Status,New,
9392,Primary Line Segment,PRIMARY LINE SEGMENT,,,,,0,#Status,New,
9394,Primary Line Segment,PRIMARY LINE SEGMENT,,,,,0,#Status,New,
9398,Primary Line Segment,PRIMARY LINE SEGMENT,,,,,0,#Status,New,
9401,Primary Line Segment,PRIMARY LINE SEGMENT,,,,,0,#Status,New,
9409,Primary Line Segment,PRIMARY LINE SEGMENT,,,,,0,#Status,New,
9411,Primary Line Segment,PRIMARY LINE SEGMENT,,,,,0,#Status,New,
9413,Primary Line Segment,PRIMARY LINE SEGMENT,,,,,0,#Status,New,
9415,Primary Line Segment,PRIMARY LINE SEGMENT,,,,,0,#Status,New,
9417,Primary Line Segment,PRIMARY LINE SEGMENT,,,,,0,#Status,New,
9419,Primary Line Segment,PRIMARY LINE SEGMENT,,,,,0,#Status,New,
9427,Primary Line Segment,PRIMARY LINE SEGMENT,,,,,0,#Status,New,
9429,Primary Line Segment,PRIMARY LINE SEGMENT,,,,,0,#Status,New,
9431,Primary Line Segment,PRIMARY LINE SEGMENT,,,,,0,#Status,New,
9435,Primary Line Segment,PRIMARY LINE SEGMENT,,,,,0,#Status,New,
9437,Primary Line Segment,PRIMARY LINE SEGMENT,,,,,0,#Status,New,
9470,Primary Line Segment,PRIMARY LINE SEGMENT,,,,,0,#Status,New,
9477,Concentric Reducer,CONCENTRIC REDUCER,,,,,0,,New,
9481,Primary Line Segment,PRIMARY LINE SEGMENT,,,,,0,#Status,New,
9491,Concentric Reducer,CONCENTRIC REDUCER,,,,,0,,New,
9493,Primary Line Segment,PRIMARY LINE SEGMENT,,,,,0,#Status,New,
9497,Gate Valve,GATE VALVE,,,,,1,,New,0.073987
9502,Field DCS,FIELD DCS,,,,,0,#Status,New,
9504,Field DCS,FIELD DCS,,,,,0,#Status,New,
9506,FIELDCS2,FIELDCS2,,,,,0,#Status,New,
9508,Vent Cover,VENT COVER,,,,,0,,New,1.0
9510,FIELDDCS3,FIELDDCS3,,,,,0,#Status,New,
9516,Concentric Reducer,CONCENTRIC REDUCER,,,,,0,,New,
9522,Concentric Reducer,CONCENTRIC REDUCER,,,,,0,,New,
9524,Primary Line Segment,PRIMARY LINE SEGMENT,,,,,0,#Status,New,
9543,Primary Line Segment,PRIMARY LINE SEGMENT,,,,,0,#Status,New,
9553,Concentric Reducer,CONCENTRIC REDUCER,,,,,0,,New,
9555,Primary Line Segment,PRIMARY LINE SEGMENT,,,,,0,#Status,New,
9557,Field DCS,FIELD DCS,,,,,0,#Status,New,
9561,Primary Line Segment,PRIMARY LINE SEGMENT,,,,,0,#Status,New,
9565,Concentric Reducer,CONCENTRIC REDUCER,,,,,0,,New,
9567,Primary Line Segment,PRIMARY LINE SEGMENT,,,,,0,#Status,New,
9573,Concentric Reducer,CONCENTRIC REDUCER,,,,,0,,New,
9575,Primary Line Segment,PRIMARY LINE SEGMENT,,,,,0,#Status,New,
9577,Field DCS,FIELD DCS,,,,,0,#Status,New,
9579,Primary Line Segment,PRIMARY LINE SEGMENT,,,,,0,#Status,New,
9583,Primary Line Segment,PRIMARY LINE SEGMENT,,,,,0,#Status,New,
9593,Concentric Reducer,CONCENTRIC REDUCER,,,,,0,,New,
9595,Primary Line Segment,PRIMARY LINE SEGMENT,,,,,0,#Status,New,
9599,Concentric Reducer,CONCENTRIC REDUCER,,,,,0,,New,
9602,Primary Line Segment,PRIMARY LINE SEGMENT,,,,,0,#Status,New,
9611,Gate Valve,GATE VALVE,,,,,0,Size,,0.02781
9617,Concentric Reducer,CONCENTRIC REDUCER,,,,,0,,New,
9619,Primary Line Segment,PRIMARY LINE SEGMENT,,,,,0,#Status,New,
9625,Electric Motor,ELECTRIC MOTOR,,,,,0,#Status,New,
9629,Centrifugal Pump,CENTRIFUGAL PUMP,,,,,0,#Status,New,
9633,FIELDDCS3,FIELDDCS3,,,,,0,#Status,New,
9635,FIELDCS2,FIELDCS2,,,,,0,#Status,New,
9644,Gate Valve,GATE VALVE,,,,,0,Size,,0.02781
9648,Gate Valve,GATE VALVE,,,,,0,Size,,0.02781
9652,Concentric Reducer,CONCENTRIC REDUCER,,,,,0,,New,
9658,Electric Motor,ELECTRIC MOTOR,,,,,0,#Status,New,
9661,FIELDDCS3,FIELDDCS3,,,,,0,#Status,New,
9663,Field DCS,FIELD DCS,,,,,0,#Status,New,
9665,Centrifugal Pump,CENTRIFUGAL PUMP,,,,,0,#Status,New,
9835,Vessel,VESSEL,,,,,0,#Status,New,
9871,Pressure Relief Valve,PRESSURE RELIEF VALVE,,,,,0,#Size2,New,
9874,Pressure Relief Valve,PRESSURE RELIEF VALVE,,,,,0,#Size2,New,
9934,Angle Valve,ANGLE VALVE,,,Staalname,,0,Size,New,
10107,Angle Valve,ANGLE VALVE,,,Staalname,,0,Size,New,
10112,Angle Valve,ANGLE VALVE,,,Staalname,,0,Size,,
10118,Angle Valve,ANGLE VALVE,,,Staalname,,0,Size,,
10135,General Heat Exchanger 1,GENERAL HEAT EXCHANGER 1,,,,,0,#Status,New,
10148,General Heat Exchanger 1,GENERAL HEAT EXCHANGER 1,,,,,0,#Status,New,
10155,General Heat Exchanger 1,GENERAL HEAT EXCHANGER 1,,,,,0,#Status,New,
10162,Electric Motor,ELECTRIC MOTOR,,,,,0,#Status,New,
10171,Vessel,VESSEL,,,,,0,#Status,New,
10175,FIELDCS2,FIELDCS2,,,,,0,#Status,New,
10178,FIELDDCS3,FIELDDCS3,,,,,0,#Status,New,
10181,FIELDCS2,FIELDCS2,,,,,0,#Status,New,
10186,Concentric Reducer,CONCENTRIC REDUCER,,,,,0,,New,
10191,Primary Line Segment,PRIMARY LINE SEGMENT,,,,,0,#Status,New,
10193,Gate Valve,GATE VALVE,,,,,0,Size,,0.02781
10199,Gate Valve,GATE VALVE,,,,,0,Size,,0.02781
10229,Primary Line Segment,PRIMARY LINE SEGMENT,,,,,0,#Status,New,
10234,Jacketed Pipe Segment,JACKETED PIPE SEGMENT,,,,,0,#Status,New,
10239,Jacketed Pipe Segment,JACKETED PIPE SEGMENT,,,,,0,#Status,New,
10250,Flexible Hose,FLEXIBLE HOSE,,,,,0,,,
10252,Primary Line Segment,PRIMARY LINE SEGMENT,,,,,0,#Status,New,
10268,Flexible Hose,FLEXIBLE HOSE,,,,,0,,New,
10277,Check Valve,CHECK VALVE,,,,,0,,New,0.508811
10289,Primary Line Segment,PRIMARY LINE SEGMENT,,,,,0,#Status,New,
10291,Jacketed Pipe Segment,JACKETED PIPE SEGMENT,,,,,0,#Status,New,
10294,Jacketed Pipe Segment,JACKETED PIPE SEGMENT,,,,,0,#Status,New,
10317,Primary Line Segment,PRIMARY LINE SEGMENT,,,,,0,#Status,New,
10324,Jacketed Pipe Segment,JACKETED PIPE SEGMENT,,,,,0,#Status,New,
10404,Jacketed Pipe Segment,JACKETED PIPE SEGMENT,,,,,0,#Status,New,
10414,Primary Line Segment,PRIMARY LINE SEGMENT,,,,,0,#Status,New,
10421,Primary Line Segment,PRIMARY LINE SEGMENT,,,,,0,#Status,New,
10423,Primary Line Segment,PRIMARY LINE SEGMENT,,,,,0,#Status,New,
10427,Primary Line Segment,PRIMARY LINE SEGMENT,,,,,0,#Status,New,
10431,Concentric Reducer,CONCENTRIC REDUCER,,,,,0,,New,0.945353
10433,Primary Line Segment,PRIMARY LINE SEGMENT,,,,,0,#Status,New,
10435,Jacketed Pipe Segment,JACKETED PIPE SEGMENT,,,,,0,#Status,New,
10440,Primary Line Segment,PRIMARY LINE SEGMENT,,,,,0,#Status,New,
10446,Primary Line Segment,PRIMARY LINE SEGMENT,,,,,0,#Status,New,
10449,Primary Line Segment,PRIMARY LINE SEGMENT,,,,,0,#Status,New,
10452,Jacketed Pipe Segment,JACKETED PIPE SEGMENT,,,,,0,#Status,New,
10455,Primary Line Segment,PRIMARY LINE SEGMENT,,,,,0,#Status,New,
10458,Primary Line Segment,PRIMARY LINE SEGMENT,,,,,0,#Status,New,
10461,Jacketed Pipe Segment,JACKETED PIPE SEGMENT,,,,,0,#Status,New,
10466,Jacketed Pipe Segment,JACKETED PIPE SEGMENT,,,,,0,#Status,New,
10477,Jacketed Pipe Segment,JACKETED PIPE SEGMENT,,,,,0,#Status,New,
10485,Jacketed Pipe Segment,JACKETED PIPE SEGMENT,,,,,0,#Status,New,
10488,Primary Line Segment,PRIMARY LINE SEGMENT,,,,,0,#Status,New,
10491,Primary Line Segment,PRIMARY LINE SEGMENT,,,,,0,#Status,New,
10494,Jacketed Pipe Segment,JACKETED PIPE SEGMENT,,,,,0,#Status,New,
10504,Jacketed Pipe Segment,JACKETED PIPE SEGMENT,,,,,0,#Status,New,
10515,Jacketed Pipe Segment,JACKETED PIPE SEGMENT,,,,,0,#Status,New,
10520,Jacketed Pipe Segment,JACKETED PIPE SEGMENT,,,,,0,#Status,New,
10528,Primary Line Segment,PRIMARY LINE SEGMENT,,,,,0,#Status,New,
10539,Primary Line Segment,PRIMARY LINE SEGMENT,,,,,0,#Status,New,
10543,Jacketed Pipe Segment,JACKETED PIPE SEGMENT,,,,,0,#Status,New,
10554,Jacketed Pipe Segment,JACKETED PIPE SEGMENT,,,,,0,#Status,New,
10559,Jacketed Pipe Segment,JACKETED PIPE SEGMENT,,,,,0,#Status,New,
10566,Jacketed Pipe Segment,JACKETED PIPE SEGMENT,,,,,0,#Status,New,
10577,Primary Line Segment,PRIMARY LINE SEGMENT,,,,,0,#Status,New,
10589,Primary Line Segment,PRIMARY LINE SEGMENT,,,,,0,#Status,New,
10591,Primary Line Segment,PRIMARY LINE SEGMENT,,,,,0,#Status,New,
10597,Gate Valve,GATE VALVE,,,,,0,Size,New,3.370711
10602,Primary Line Segment,PRIMARY LINE SEGMENT,,,,,0,#Status,New,
10604,Primary Line Segment,PRIMARY LINE SEGMENT,,,,,0,#Status,New,
10608,Jacketed Pipe Segment,JACKETED PIPE SEGMENT,,,,,0,#Status,New,
10619,Primary Line Segment,PRIMARY LINE SEGMENT,,,,,0,#Status,New,
10634,Primary Line Segment,PRIMARY LINE SEGMENT,,,,,0,#Status,New,
10640,Primary Line Segment,PRIMARY LINE SEGMENT,,,,,0,#Status,New,
10642,Primary Line Segment,PRIMARY LINE SEGMENT,,,,,0,#Status,New,
10646,Primary Line Segment,PRIMARY LINE SEGMENT,,,,,0,#Status,New,
10660,Primary Line Segment,PRIMARY LINE SEGMENT,,,,,0,#Status,New,
10670,Primary Line Segment,PRIMARY LINE SEGMENT,,,,,0,#Status,New,
10672,Jacketed Pipe Segment,JACKETED PIPE SEGMENT,,,,,0,#Status,New,
10687,Jacketed Pipe Segment,JACKETED PIPE SEGMENT,,,,,0,#Status,New,
10706,Concentric Reducer,CONCENTRIC REDUCER,,,,,0,,New,
10708,Primary Line Segment,PRIMARY LINE SEGMENT,,,,,0,#Status,New,
10710,Jacketed Pipe Segment,JACKETED PIPE SEGMENT,,,,,0,#Status,New,
10715,Primary Line Segment,PRIMARY LINE SEGMENT,,,,,0,#Status,New,
10718,Jacketed Pipe Segment,JACKETED PIPE SEGMENT,,,,,0,#Status,New,
10723,Jacketed Pipe Segment,JACKETED PIPE SEGMENT,,,,,0,#Status,New,
10725,Jacketed Pipe Segment,JACKETED PIPE SEGMENT,,,,,0,#Status,New,
10729,Jacketed Pipe Segment,JACKETED PIPE SEGMENT,,,,,0,#Status,New,
10740,Jacketed Pipe Segment,JACKETED PIPE SEGMENT,,,,,0,#Status,New,
10744,Primary Line Segment,PRIMARY LINE SEGMENT,,,,,0,#Status,New,
10747,Primary Line Segment,PRIMARY LINE SEGMENT,,,,,0,#Status,New,
10756,Primary Line Segment,PRIMARY LINE SEGMENT,,,,,0,#Status,New,
10758,Primary Line Segment,PRIMARY LINE SEGMENT,,,,,0,#Status,New,
10767,Check Valve,CHECK VALVE,,,,,0,Size,New,0.375392
10769,Primary Line Segment,PRIMARY LINE SEGMENT,,,,,0,#Status,New,
10771,Primary Line Segment,PRIMARY LINE SEGMENT,,,,,0,#Status,New,
10773,Primary Line Segment,PRIMARY LINE SEGMENT,,,,,0,#Status,New,
10778,Centrifugal Pump,CENTRIFUGAL PUMP,,,,,0,#Status,New,0.501595
10782,Jacketed Pipe Segment,JACKETED PIPE SEGMENT,,,,,0,#Status,New,
10793,Primary Line Segment,PRIMARY LINE SEGMENT,,,,,0,#Status,New,
10805,Jacketed Pipe Segment,JACKETED PIPE SEGMENT,,,,,0,#Status,New,
10807,Jacketed Pipe Segment,JACKETED PIPE SEGMENT,,,,,0,#Status,New,
10813,Jacketed Pipe Segment,JACKETED PIPE SEGMENT,,,,,0,#Status,New,
10816,Jacketed Pipe Segment,JACKETED PIPE SEGMENT,,,,,0,#Status,New,
10820,Jacketed Pipe Segment,JACKETED PIPE SEGMENT,,,,,0,#Status,New,
10828,Jacketed Pipe Segment,JACKETED PIPE SEGMENT,,,,,0,#Status,New,
10833,Primary Line Segment,PRIMARY LINE SEGMENT,,,,,0,#Status,New,
10846,Primary Line Segment,PRIMARY LINE SEGMENT,,,,,0,#Status,New,
10851,Jacketed Pipe Segment,JACKETED PIPE SEGMENT,,,,,0,#Status,New,
10864,Jacketed Pipe Segment,JACKETED PIPE SEGMENT,,,,,0,#Status,New,
10867,Jacketed Pipe Segment,JACKETED PIPE SEGMENT,,,,,0,#Status,New,
10878,Jacketed Pipe Segment,JACKETED PIPE SEGMENT,,,,,0,#Status,New,
10880,Primary Line Segment,PRIMARY LINE SEGMENT,,,,,0,#Status,New,
10883,Primary Line Segment,PRIMARY LINE SEGMENT,,,,,0,#Status,New,
10890,Primary Line Segment,PRIMARY LINE SEGMENT,,,,,0,#Status,New,
10892,Jacketed Pipe Segment,JACKETED PIPE SEGMENT,,,,,0,#Status,New,
10894,Jacketed Pipe Segment,JACKETED PIPE SEGMENT,,,,,0,#Status,New,
10898,Primary Line Segment,PRIMARY LINE SEGMENT,,,,,0,#Status,New,
10908,Primary Line Segment,PRIMARY LINE SEGMENT,,,,,0,#Status,New,
10912,Jacketed Pipe Segment,JACKETED PIPE SEGMENT,,,,,0,#Status,New,
10917,Jacketed Pipe Segment,JACKETED PIPE SEGMENT,,,,,0,#Status,New,
10919,Jacketed Pipe Segment,JACKETED PIPE SEGMENT,,,,,0,#Status,New,
10923,Jacketed Pipe Segment,JACKETED PIPE SEGMENT,,,,,0,#Status,New,
10932,Gate Valve,GATE VALVE,,,,,0,Size,,0.279203
10965,Primary Line Segment,PRIMARY LINE SEGMENT,,,,,0,#Status,New,
10974,Primary Line Segment,PRIMARY LINE SEGMENT,,,,,0,#Status,New,
10978,Primary Line Segment,PRIMARY LINE SEGMENT,,,,,0,#Status,New,
10980,Gate Valve,GATE VALVE,,,,,0,Size,New,0.02781
10996,Primary Line Segment,PRIMARY LINE SEGMENT,,,,,0,#Status,New,
10998,Primary Line Segment,PRIMARY LINE SEGMENT,,,,,0,#Status,New,
11140,Primary Line Segment,PRIMARY LINE SEGMENT,,,,,0,#Status,New,
11150,Primary Line Segment,PRIMARY LINE SEGMENT,,,,,0,#Status,New,
11154,Primary Line Segment,PRIMARY LINE SEGMENT,,,,,0,#Status,New,
11165,Primary Line Segment,PRIMARY LINE SEGMENT,,,,,0,#Status,New,
11206,Primary Line Segment,PRIMARY LINE SEGMENT,,,,,0,#Status,New,
11209,Primary Line Segment,PRIMARY LINE SEGMENT,,,,,0,#Status,New,
11211,Primary Line Segment,PRIMARY LINE SEGMENT,,,,,0,#Status,New,
11214,Jacketed Pipe Segment,JACKETED PIPE SEGMENT,,,,,0,#Status,New,
11216,Jacketed Pipe Segment,JACKETED PIPE SEGMENT,,,,,0,#Status,New,
11220,Primary Line Segment,PRIMARY LINE SEGMENT,,,,,0,#Status,New,
11222,Primary Line Segment,PRIMARY LINE SEGMENT,,,,,0,#Status,New,
11232,Flexible Hose,FLEXIBLE HOSE,,,,,0,,,
11293,Primary Line Segment,PRIMARY LINE SEGMENT,,,,,0,#Status,New,
11296,Primary Line Segment,PRIMARY LINE SEGMENT,,,,,0,#Status,New,
11299,Primary Line Segment,PRIMARY LINE SEGMENT,,,,,0,#Status,New,
11303,Jacketed Pipe Segment,JACKETED PIPE SEGMENT,,,,,0,#Status,New,
11306,Jacketed Pipe Segment,JACKETED PIPE SEGMENT,,,,,0,#Status,New,
11440,Primary Line Segment,PRIMARY LINE SEGMENT,,,,,0,#Status,New,
11453,Jacketed Pipe Segment,JACKETED PIPE SEGMENT,,,,,0,#Status,New,
11459,Primary Line Segment,PRIMARY LINE SEGMENT,,,,,0,#Status,New,
11476,Primary Line Segment,PRIMARY LINE SEGMENT,,,,,0,#Status,New,
11502,Primary Line Segment,PRIMARY LINE SEGMENT,,,,,0,#Status,New,
11507,Primary Line Segment,PRIMARY LINE SEGMENT,,,,,0,#Status,New,
11702,Primary Line Segment,PRIMARY LINE SEGMENT,,,,,0,#Status,New,
11709,Primary Line Segment,PRIMARY LINE SEGMENT,,,,,0,#Status,New,
11903,Hose Connection,HOSE CONNECTION,,,,,0,,,
11905,Silo,LOSSTATION,,,,,0,#Status,New,
11911,Primary Line Segment,PRIMARY LINE SEGMENT,,,,,0,#Status,New,
11928,Gate Valve,GATE VALVE,,,,,0,,New,1.0
11930,Capillary Tube,CAPILLARY TUBE,,,,,0,#Status,New,
11935,Field Discrete Instrument,FIELD DISCRETE INSTRUMENT,,,,,0,#Status,New,
11940,Instrument Supply,INSTRUMENT SUPPLY,,,,,0,#Status,New,
12004,Open Top Tank,OPEN TOP TANK,,,,,0,#Status,New,
12006,Instrument Supply,INSTRUMENT SUPPLY,,,,,0,#Status,New,
12010,Primary Line Segment,PRIMARY LINE SEGMENT,,,,,0,#Status,New,
12030,Primary Line Segment,PRIMARY LINE SEGMENT,,,,,0,#Status,New,
12035,Double Wall Tank,DOUBLE WALL TANK,,,,,0,#Status,New,
12038,Blade Agitator,BLADE AGITATOR,,,,,0,#Status,New,
12043,Field Discrete Instrument,NR440,,,,,0,#Status,New,
12046,Instrument Supply,INSTRUMENT SUPPLY,,,,,0,#Status,New,
12049,Field Discrete Instrument,FIELD DISCRETE INSTRUMENT,,,,,0,#Status,New,1.0
12052,Primary Line Segment,PRIMARY LINE SEGMENT,,,,,0,#Status,New,
12059,Field Discrete Instrument,FIELD DISCRETE INSTRUMENT,,,,,0,#Status,New,0.000546
12061,Field Discrete Instrument,FIELD DISCRETE INSTRUMENT,,,,,0,#Status,New,
12065,Field Discrete Instrument,FIELD DISCRETE INSTRUMENT,,,,,0,#Status,New,0.0
12069,Instrument Supply,INSTRUMENT SUPPLY,,,,,0,#Status,New,
12072,Gate Valve,GATE VALVE,,,,,0,,New,
12074,Primary Line Segment,PRIMARY LINE SEGMENT,,,,,0,#Status,New,
12079,Capillary Tube,CAPILLARY TUBE,,,,,0,#Status,New,
12084,Instrument Supply,INSTRUMENT SUPPLY,,,,,0,#Status,New,
12107,Instrument Supply,INSTRUMENT SUPPLY,,,,,0,#Status,New,
12110,Field Discrete Instrument,FIELD DISCRETE INSTRUMENT,,,,,0,#Status,New,
12112,Field Discrete Instrument,FIELD DISCRETE INSTRUMENT,,,,,0,#Status,New,
12116,Open Top Tank,OPEN TOP TANK,,,,,0,#Status,New,
12119,Primary Line Segment,PRIMARY LINE SEGMENT,,,,,0,#Status,New,
12124,Primary Line Segment,PRIMARY LINE SEGMENT,,,,,0,#Status,New,
12139,Double Wall Tank,DOUBLE WALL TANK,,,,,0,#Status,New,
12142,Primary Line Segment,PRIMARY LINE SEGMENT,,,,,0,#Status,New,
12147,Blade Agitator,BLADE AGITATOR,,,,,0,#Status,New,
12149,Field Discrete Instrument,FIELD DISCRETE INSTRUMENT,,,,,0,#Status,New,
12151,Field Discrete Instrument,FIELD DISCRETE INSTRUMENT,,,,,0,#Status,New,
12153,Instrument Supply,INSTRUMENT SUPPLY,,,,,0,#Status,New,
12156,Instrument Supply,INSTRUMENT SUPPLY,,,,,0,#Status,New,
12164,Field Discrete Instrument,FIELD DISCRETE INSTRUMENT,,,,,0,#Status,New,
12166,Field Discrete Instrument,FIELD DISCRETE INSTRUMENT,,,,,0,#Status,New,
12170,Gate Valve,GATE VALVE,,,,,0,,New,
12172,Gate Valve,GATE VALVE,,,,,0,"#Status,#Size,#Spec",,
12174,Gate Valve,GATE VALVE,,,,,0,,New,
12176,Gate Valve,GATE VALVE,,,,,0,,New,
12180,Gate Valve,GATE VALVE,,,,,0,,New,
12182,Gate Valve,GATE VALVE,,,,,0,,New,
12184,Silo,SILO,,,,,0,#Status,New,2.171269
12187,Open Top Tank,OPEN TOP TANK,,,,,0,#Status,New,
12190,Primary Line Segment,PRIMARY LINE SEGMENT,,,,,0,#Status,New,
12192,Primary Line Segment,PRIMARY LINE SEGMENT,,,,,0,#Status,New,
12196,Primary Line Segment,PRIMARY LINE SEGMENT,,,,,0,#Status,New,
12199,Primary Line Segment,PRIMARY LINE SEGMENT,,,,,0,#Status,New,
12203,Primary Line Segment,PRIMARY LINE SEGMENT,,,,,0,#Status,New,
12206,Primary Line Segment,PRIMARY LINE SEGMENT,,,,,0,#Status,New,
12208,Primary Line Segment,PRIMARY LINE SEGMENT,,,,,0,#Status,New,
12214,Primary Line Segment,PRIMARY LINE SEGMENT,,,,,0,#Status,New,
12219,Primary Line Segment,PRIMARY LINE SEGMENT,,,,,0,#Status,New,
12224,Primary Line Segment,PRIMARY LINE SEGMENT,,,,,0,#Status,New,
12229,Primary Line Segment,PRIMARY LINE SEGMENT,,,,,0,#Status,New,
12234,Primary Line Segment,PRIMARY LINE SEGMENT,,,,,0,#Status,New,
12239,Primary Line Segment,PRIMARY LINE SEGMENT,,,,,0,#Status,New,
12242,Primary Line Segment,PRIMARY LINE SEGMENT,,,,,0,#Status,New,
12247,Primary Line Segment,PRIMARY LINE SEGMENT,,,,,0,#Status,New,
12252,Primary Line Segment,PRIMARY LINE SEGMENT,,,,,0,#Status,New,
12256,Primary Line Segment,PRIMARY LINE SEGMENT,,,,,0,#Status,New,
12258,Primary Line Segment,PRIMARY LINE SEGMENT,,,,,0,#Status,New,
12263,Primary Line Segment,PRIMARY LINE SEGMENT,,,,,0,#Status,New,
12266,Blind Flange,BLIND FLANGE,,,,,0,"#Status,#Size,#Spec",,
12268,Blind Flange,BLIND FLANGE,,,,,0,"#Status,#Size,#Spec",,
12271,Primary Line Segment,PRIMARY LINE SEGMENT,,,,,0,#Status,New,
12276,Instrument Supply,INSTRUMENT SUPPLY,,,,,0,#Status,New,
12279,Instrument Supply,INSTRUMENT SUPPLY,,,,,0,#Status,New,
12282,Instrument Supply,INSTRUMENT SUPPLY,,,,,0,#Status,New,
12285,Field Discrete Instrument,FIELD DISCRETE INSTRUMENT,,,,,0,#Status,New,
12287,Field Discrete Instrument,FIELD DISCRETE INSTRUMENT,,,,,0,#Status,New,3.0
12289,Field Discrete Instrument,FIELD DISCRETE INSTRUMENT,,,,,0,#Status,New,
12291,Field Discrete Instrument,FIELD DISCRETE INSTRUMENT,,,,,0,#Status,New,
12293,Field Discrete Instrument,FIELD DISCRETE INSTRUMENT,,,,,0,#Status,New,
12295,Field Discrete Instrument,FIELD DISCRETE INSTRUMENT,,,,,0,#Status,New,0.999998
12297,Field Discrete Instrument,FIELD DISCRETE INSTRUMENT,,,,,0,#Status,New,0.999998
12299,Field Discrete Instrument,FIELD DISCRETE INSTRUMENT,,,,,0,#Status,New,1.999999
12302,Capillary Tube,CAPILLARY TUBE,,,,,0,#Status,New,
12305,Field Discrete Instrument,FIELD DISCRETE INSTRUMENT,,,,,0,#Status,New,0.749998
12307,Field Discrete Instrument,FIELD DISCRETE INSTRUMENT,,,,,0,#Status,New,
12309,Field Discrete Instrument,FIELD DISCRETE INSTRUMENT,,,,,0,#Status,New,
12319,Field Discrete Instrument,FIELD DISCRETE INSTRUMENT,,,,,0,#Status,New,
12324,Instrument Supply,INSTRUMENT SUPPLY,,,,,0,#Status,New,
12327,Field Discrete Instrument,FIELD DISCRETE INSTRUMENT,,,,,0,#Status,New,0.990908
12330,Instrument Supply,INSTRUMENT SUPPLY,,,,,0,#Status,New,
12341,Electrical Signal Line,ELECTRICAL SIGNAL LINE,,,,,0,#Status,New,
12344,Electrical Signal Line,ELECTRICAL SIGNAL LINE,,,,,0,#Status,New,
12346,Electrical Signal Line,ELECTRICAL SIGNAL LINE,,,,,0,#Status,New,
12348,Electrical Signal Line,ELECTRICAL SIGNAL LINE,,,,,0,#Status,New,
12350,Electrical Signal Line,ELECTRICAL SIGNAL LINE,,,,,0,#Status,New,
12352,Electrical Signal Line,ELECTRICAL SIGNAL LINE,,,,,0,#Status,New,
12354,Electrical Signal Line,ELECTRICAL SIGNAL LINE,,,,,0,#Status,New,
12356,Electrical Signal Line,ELECTRICAL SIGNAL LINE,,,,,0,#Status,New,
12358,Electrical Signal Line,ELECTRICAL SIGNAL LINE,,,,,0,#Status,New,
12360,Electrical Signal Line,ELECTRICAL SIGNAL LINE,,,,,0,#Status,New,
12362,Electrical Signal Line,ELECTRICAL SIGNAL LINE,,,,,0,#Status,New,
12364,Electrical Signal Line,ELECTRICAL SIGNAL LINE,,,,,0,#Status,New,
12366,Electrical Signal Line,ELECTRICAL SIGNAL LINE,,,,,0,#Status,New,
12380,Instrument Supply,INSTRUMENT SUPPLY,,,,,0,#Status,New,
12383,Capillary Tube,CAPILLARY TUBE,,,,,0,#Status,New,
12388,Instrument Supply,INSTRUMENT SUPPLY,,,,,0,#Status,New,
12391,Instrument Supply,INSTRUMENT SUPPLY,,,,,0,#Status,New,
12395,Primary Line Segment,PRIMARY LINE SEGMENT,,,,,0,#Status,New,
12401,Field Discrete Instrument,FIELD DISCRETE INSTRUMENT,,,,,0,#Status,New,
12404,Field Discrete Instrument,FIELD DISCRETE INSTRUMENT,,,,,0,#Status,New,
12406,Field Discrete Instrument,FIELD DISCRETE INSTRUMENT,,,,,0,#Status,New,
12408,Field Discrete Instrument,FIELD DISCRETE INSTRUMENT,,,,,0,#Status,New,1.999792
12411,Field Discrete Instrument,FIELD DISCRETE INSTRUMENT,,,,,0,#Status,New,
12416,Centrifugal Pump,CENTRIFUGAL PUMP,,,,,0,#Status,New,0.425263
12419,Primary Line Segment,PRIMARY LINE SEGMENT,,,,,0,#Status,New,
12426,Electrical Signal Line,ELECTRICAL SIGNAL LINE,,,,,0,#Status,New,
12429,Electrical Signal Line,ELECTRICAL SIGNAL LINE,,,,,0,#Status,New,
12432,Electrical Signal Line,ELECTRICAL SIGNAL LINE,,,,,0,#Status,New,
12437,Primary Line Segment,PRIMARY LINE SEGMENT,,,,,0,#Status,New,
12444,Primary Line Segment,PRIMARY LINE SEGMENT,,,,,0,#Status,New,
12451,Primary Line Segment,PRIMARY LINE SEGMENT,,,,,0,#Status,New,
12456,Gate Valve,GATE VALVE,,,,,0,,New,
12458,Gate Valve,GATE VALVE,,,,,0,,New,
12460,Primary Line Segment,PRIMARY LINE SEGMENT,,,,,0,#Status,New,
12462,Primary Line Segment,PRIMARY LINE SEGMENT,,,,,0,#Status,New,
12466,Primary Line Segment,PRIMARY LINE SEGMENT,,,,,0,#Status,New,
12469,Primary Line Segment,PRIMARY LINE SEGMENT,,,,,0,#Status,New,
12472,Instrument Supply,INSTRUMENT SUPPLY,,,,,0,#Status,New,
12475,Gate Valve,GATE VALVE,,,,,0,,New,1.0
12477,Primary Line Segment,PRIMARY LINE SEGMENT,,,,,0,#Status,New,
12482,Primary Line Segment,PRIMARY LINE SEGMENT,,,,,0,#Status,New,
12487,Primary Line Segment,PRIMARY LINE SEGMENT,,,,,0,#Status,New,
12492,Primary Line Segment,PRIMARY LINE SEGMENT,,,,,0,#Status,New,
12497,Primary Line Segment,PRIMARY LINE SEGMENT,,,,,0,#Status,New,
12501,Primary Line Segment,PRIMARY LINE SEGMENT,,,,,0,#Status,New,
12506,Primary Line Segment,PRIMARY LINE SEGMENT,,,,,0,#Status,New,
12511,Primary Line Segment,PRIMARY LINE SEGMENT,,,,,0,#Status,New,
12518,Field Discrete Instrument,FIELD DISCRETE INSTRUMENT,,,,,0,#Status,New,0.000579
12520,Instrument Supply,INSTRUMENT SUPPLY,,,,,0,#Status,New,
12523,Flow Conditioning Device,FLOW CONDITIONING DEVICE,,,,,0,,New,0.599887
12525,Primary Line Segment,PRIMARY LINE SEGMENT,,,,,0,#Status,New,
12530,Primary Line Segment,PRIMARY LINE SEGMENT,,,,,0,#Status,New,
12535,Gate Valve,GATE VALVE,,,,,0,,New,
12537,Capillary Tube,CAPILLARY TUBE,,,,,0,#Status,New,
12542,Instrument Supply,INSTRUMENT SUPPLY,,,,,0,#Status,New,
12545,Instrument Supply,INSTRUMENT SUPPLY,,,,,0,#Status,New,
12550,Secondary Line Segment,SECONDARY LINE SEGMENT,,,,,0,#Status,New,
12552,Secondary Line Segment,SECONDARY LINE SEGMENT,,,,,0,#Status,New,
12554,Secondary Line Segment,SECONDARY LINE SEGMENT,,,,,0,#Status,New,
12559,Secondary Line Segment,SECONDARY LINE SEGMENT,,,,,0,#Status,New,
12561,Secondary Line Segment,SECONDARY LINE SEGMENT,,,,,0,#Status,New,
12563,Secondary Line Segment,SECONDARY LINE SEGMENT,,,,,0,#Status,New,
12568,Secondary Line Segment,SECONDARY LINE SEGMENT,,,,,0,#Status,New,
12570,Secondary Line Segment,SECONDARY LINE SEGMENT,,,,,0,#Status,New,
12572,Secondary Line Segment,SECONDARY LINE SEGMENT,,,,,0,#Status,New,
12574,Secondary Line Segment,SECONDARY LINE SEGMENT,,,,,0,#Status,New,
12580,Flange,FLANGE,,,,,0,,New,
12582,Flange,FLANGE,,,,,0,,New,
12584,Gate Valve,GATE VALVE,,,,,0,"#Status,#Size,#Spec",,
12586,Gate Valve,GATE VALVE,,,,,0,,New,
12589,Restriction Orifice,RESTRICTION ORIFICE,,,,,0,,New,
12591,Gate Valve,GATE VALVE,,,,,0,,New,
12597,Gate Valve,GATE VALVE,,,,,0,,New,
12599,Gate Valve,GATE VALVE,,,,,0,,New,
12610,Gate Valve,GATE VALVE,,,,,0,,New,
12614,Gate Valve,GATE VALVE,,,,,0,,New,
12616,Gate Valve,GATE VALVE,,,,,0,,New,
12618,Gate Valve,GATE VALVE,,,,,0,,New,
12628,Gate Valve,GATE VALVE,,,,,0,,New,
12630,Check Valve,CHECK VALVE,,,,,0,,New,
12632,Check Valve,CHECK VALVE,,,,,0,,New,
12648,Electromagnetic Signal,ELECTROMAGNETIC SIGNAL,,,,,0,#Status,New,
12651,Flow Conditioning Device,FLOW CONDITIONING DEVICE,,,,,0,,New,0.45067
