TableName,PropertyName,PropertyType,IsObjectId,IsCounter,IsSystem,IsUnique,CheckConstraint,DefaultValue,Length,IsExpression,Expression
PnPBase,PnPID,System.Int64,TRUE,TRUE,TRUE,TRUE,,,-1,FALSE,
PnPBase,PnPClassName,System.String,FALSE,FALSE,TRUE,FALSE,,,255,FALSE,
PnPBase,PnPStatus,System.Int16,FALSE,FALSE,TRUE,FALSE,,,-1,FALSE,
PnPBase,PnPRevision,System.Int16,FALSE,FALSE,TRUE,FALSE,,,-1,FALSE,
PnPBase,PnPGuid,System.Guid,FALSE,FALSE,TRUE,FALSE,,,-1,FALSE,
PnPBase,PnPTimestamp,System.Int64,FALSE,FALSE,TRUE,FALSE,,,-1,FALSE,
PnPDataLinks,RowId,System.Int32,FALSE,FALSE,FALSE,FALSE,,,-1,FALSE,
PnPDataLinks,DwgId,System.Int32,FALSE,FALSE,FALSE,FALSE,,,-1,FALSE,
PnPDataLinks,DwgHandleLow,System.Int32,FALSE,FALSE,FALSE,FALSE,,,-1,FALSE,
PnPDataLinks,DwgHandleHigh,System.Int32,FALSE,FALSE,FALSE,FALSE,,,-1,FALSE,
PnPDataLinks,DwgSubIndex,System.Int32,FALSE,FALSE,FALSE,FALSE,,,-1,FALSE,
PnPDataLinks,RowClassName,System.String,FALSE,FALSE,FALSE,FALSE,,,255,FALSE,
PnPDataLinks,PnPID,System.Int64,TRUE,FALSE,FALSE,FALSE,,,-1,FALSE,
PnPDrawings,PnPDrawingGuid,System.String,FALSE,FALSE,FALSE,FALSE,,,40,FALSE,
PnPDrawings,PnPParentGuid,System.String,FALSE,FALSE,FALSE,FALSE,,,40,FALSE,
PnPDrawings,PnPType,System.String,FALSE,FALSE,FALSE,FALSE,,,40,FALSE,
PnPDrawings,PnPTimestampGuid,System.Guid,FALSE,FALSE,FALSE,FALSE,,,-1,FALSE,
PnPDrawings,PnID,System.String,FALSE,FALSE,FALSE,FALSE,,,255,FALSE,
PnPDrawings,Dwg Name,System.String,FALSE,FALSE,FALSE,FALSE,,,255,FALSE,
PnPDrawings,Title,System.String,FALSE,FALSE,FALSE,FALSE,,,255,FALSE,
PnPDrawings,Path,System.String,FALSE,FALSE,FALSE,FALSE,,,512,FALSE,
PnPDrawings,PnPRelativePath,System.String,FALSE,FALSE,FALSE,FALSE,,,512,FALSE,
PnPDrawings,PnPUnc,System.String,FALSE,FALSE,FALSE,FALSE,,,512,FALSE,
PnPDrawings,PnPPromptForTemplate,System.Boolean,FALSE,FALSE,FALSE,FALSE,,,-1,FALSE,
PnPDrawings,PnPTemplateFile,System.String,FALSE,FALSE,FALSE,FALSE,,,512,FALSE,
PnPDrawings,PnPTemplateFileRelative,System.String,FALSE,FALSE,FALSE,FALSE,,,512,FALSE,
PnPDrawings,PnPTemplateFileUnc,System.String,FALSE,FALSE,FALSE,FALSE,,,512,FALSE,
PnPDrawings,PnPDwgOutOfSync,System.Boolean,FALSE,FALSE,FALSE,FALSE,,,-1,FALSE,
PnPDrawings,Revision,System.String,FALSE,FALSE,FALSE,FALSE,,,255,FALSE,
PnPDrawings,Area,System.String,FALSE,FALSE,FALSE,FALSE,,,255,FALSE,
PnPDrawings,Author,System.String,FALSE,FALSE,FALSE,FALSE,,,255,FALSE,
PnPDrawings,PnPID,System.Int64,TRUE,FALSE,FALSE,FALSE,,,-1,FALSE,
PnPTagRegistries,Name,System.String,FALSE,FALSE,FALSE,FALSE,,,255,FALSE,
PnPTagRegistries,PnPID,System.Int64,TRUE,FALSE,FALSE,FALSE,,,-1,FALSE,
PnPTagEnlistedColumns,TagRegistyName,System.String,FALSE,FALSE,FALSE,FALSE,,,255,FALSE,
PnPTagEnlistedColumns,TableName,System.String,FALSE,FALSE,FALSE,FALSE,,,255,FALSE,
PnPTagEnlistedColumns,ColumnName,System.String,FALSE,FALSE,FALSE,FALSE,,,255,FALSE,
PnPTagEnlistedColumns,PnPID,System.Int64,TRUE,FALSE,FALSE,FALSE,,,-1,FALSE,
EngineeringItems,PnPID,System.Int64,TRUE,FALSE,FALSE,FALSE,,,-1,FALSE,
EngineeringItems,ClassName,System.String,FALSE,FALSE,FALSE,FALSE,,,255,FALSE,
EngineeringItems,Description,System.String,FALSE,FALSE,FALSE,FALSE,,,255,FALSE,
EngineeringItems,Manufacturer,System.String,FALSE,FALSE,FALSE,FALSE,,,255,FALSE,
EngineeringItems,ModelNumber,System.String,FALSE,FALSE,FALSE,FALSE,,,255,FALSE,
EngineeringItems,Supplier,System.String,FALSE,FALSE,FALSE,FALSE,,,255,FALSE,
EngineeringItems,Comment,System.String,FALSE,FALSE,FALSE,FALSE,,,255,FALSE,
EngineeringItems,FlagValue,System.Int32,FALSE,FALSE,FALSE,FALSE,,,-1,FALSE,
EngineeringItems,AcquisitionProperties,System.String,FALSE,FALSE,FALSE,FALSE,,,255,FALSE,
EngineeringItems,Status,System.String,FALSE,FALSE,FALSE,FALSE,,,255,FALSE,
EngineeringItems,ParamOnLine,System.Double,FALSE,FALSE,FALSE,FALSE,,,-1,FALSE,
Equipment,PnPID,System.Int64,TRUE,FALSE,FALSE,FALSE,,,-1,FALSE,
Equipment,Tag,System.String,FALSE,FALSE,FALSE,FALSE,,,255,FALSE,
Equipment,Type,System.String,FALSE,FALSE,FALSE,FALSE,,,255,FALSE,
Equipment,EquipmentSpec,System.String,FALSE,FALSE,FALSE,FALSE,,,255,FALSE,
Equipment,Weight,System.String,FALSE,FALSE,FALSE,FALSE,,,255,FALSE,
Equipment,MaterialOfConstruction,System.String,FALSE,FALSE,FALSE,FALSE,,,255,FALSE,
Equipment,Number,System.String,FALSE,FALSE,FALSE,FALSE,,,255,FALSE,
Equipment,Area,System.String,FALSE,FALSE,FALSE,FALSE,,,255,FALSE,
Blowers,PnPID,System.Int64,TRUE,FALSE,FALSE,FALSE,,,-1,FALSE,
Blowers,FlowCapacity,System.String,FALSE,FALSE,FALSE,FALSE,,,255,FALSE,
Blowers,Power,System.String,FALSE,FALSE,FALSE,FALSE,,,255,FALSE,
BlowerGeneral,PnPID,System.Int64,TRUE,FALSE,FALSE,FALSE,,,-1,FALSE,
BlowerRadial,PnPID,System.Int64,TRUE,FALSE,FALSE,FALSE,,,-1,FALSE,
CentrifugalBlower,PnPID,System.Int64,TRUE,FALSE,FALSE,FALSE,,,-1,FALSE,
PositiveDisplacementBlower,PnPID,System.Int64,TRUE,FALSE,FALSE,FALSE,,,-1,FALSE,
BlowerAxial,PnPID,System.Int64,TRUE,FALSE,FALSE,FALSE,,,-1,FALSE,
Compressors,PnPID,System.Int64,TRUE,FALSE,FALSE,FALSE,,,-1,FALSE,
Compressors,FlowCapacity,System.String,FALSE,FALSE,FALSE,FALSE,,,255,FALSE,
Compressors,Power,System.String,FALSE,FALSE,FALSE,FALSE,,,255,FALSE,
CentrifugalCompressor,PnPID,System.Int64,TRUE,FALSE,FALSE,FALSE,,,-1,FALSE,
DiaphragmCompressor,PnPID,System.Int64,TRUE,FALSE,FALSE,FALSE,,,-1,FALSE,
EjectorCompressor,PnPID,System.Int64,TRUE,FALSE,FALSE,FALSE,,,-1,FALSE,
GeneralCompressor,PnPID,System.Int64,TRUE,FALSE,FALSE,FALSE,,,-1,FALSE,
LiquidRingCompressor,PnPID,System.Int64,TRUE,FALSE,FALSE,FALSE,,,-1,FALSE,
PositiveDisplacementCompressor,PnPID,System.Int64,TRUE,FALSE,FALSE,FALSE,,,-1,FALSE,
ReciprocatingCompressor,PnPID,System.Int64,TRUE,FALSE,FALSE,FALSE,,,-1,FALSE,
RollerVaneCompressor,PnPID,System.Int64,TRUE,FALSE,FALSE,FALSE,,,-1,FALSE,
RotaryCompressor,PnPID,System.Int64,TRUE,FALSE,FALSE,FALSE,,,-1,FALSE,
ScrewCompressor,PnPID,System.Int64,TRUE,FALSE,FALSE,FALSE,,,-1,FALSE,
TurboCompressor,PnPID,System.Int64,TRUE,FALSE,FALSE,FALSE,,,-1,FALSE,
ReciprocatingDiaphragmCompressor,PnPID,System.Int64,TRUE,FALSE,FALSE,FALSE,,,-1,FALSE,
RotaryPistonCompressor,PnPID,System.Int64,TRUE,FALSE,FALSE,FALSE,,,-1,FALSE,
TurboCompressorAxialFlow,PnPID,System.Int64,TRUE,FALSE,FALSE,FALSE,,,-1,FALSE,
TurboCompressorRadialFlow,PnPID,System.Int64,TRUE,FALSE,FALSE,FALSE,,,-1,FALSE,
ImpellerVanePitchAdjustmentDevice,PnPID,System.Int64,TRUE,FALSE,FALSE,FALSE,,,-1,FALSE,
GuideVanePitchAdjustmentDevice,PnPID,System.Int64,TRUE,FALSE,FALSE,FALSE,,,-1,FALSE,
RootsCompressor,PnPID,System.Int64,TRUE,FALSE,FALSE,FALSE,,,-1,FALSE,
JetCompressor,PnPID,System.Int64,TRUE,FALSE,FALSE,FALSE,,,-1,FALSE,
Conveyors,PnPID,System.Int64,TRUE,FALSE,FALSE,FALSE,,,-1,FALSE,
Conveyors,Length,System.String,FALSE,FALSE,FALSE,FALSE,,,255,FALSE,
BeltConveyor,PnPID,System.Int64,TRUE,FALSE,FALSE,FALSE,,,-1,FALSE,
BucketConveyor,PnPID,System.Int64,TRUE,FALSE,FALSE,FALSE,,,-1,FALSE,
ChainConveyor,PnPID,System.Int64,TRUE,FALSE,FALSE,FALSE,,,-1,FALSE,
GeneralConveyor,PnPID,System.Int64,TRUE,FALSE,FALSE,FALSE,,,-1,FALSE,
ScrewConveyor,PnPID,System.Int64,TRUE,FALSE,FALSE,FALSE,,,-1,FALSE,
VibratingConveyor,PnPID,System.Int64,TRUE,FALSE,FALSE,FALSE,,,-1,FALSE,
ReversingContinuousConveyor,PnPID,System.Int64,TRUE,FALSE,FALSE,FALSE,,,-1,FALSE,
SteelApronConveyor,PnPID,System.Int64,TRUE,FALSE,FALSE,FALSE,,,-1,FALSE,
BoxConveyor,PnPID,System.Int64,TRUE,FALSE,FALSE,FALSE,,,-1,FALSE,
ScraperConveyor,PnPID,System.Int64,TRUE,FALSE,FALSE,FALSE,,,-1,FALSE,
TroughedChainConveyor,PnPID,System.Int64,TRUE,FALSE,FALSE,FALSE,,,-1,FALSE,
Crushers,PnPID,System.Int64,TRUE,FALSE,FALSE,FALSE,,,-1,FALSE,
Crushers,Volume,System.String,FALSE,FALSE,FALSE,FALSE,,,255,FALSE,
ConeCrusher,PnPID,System.Int64,TRUE,FALSE,FALSE,FALSE,,,-1,FALSE,
GeneralCrusher,PnPID,System.Int64,TRUE,FALSE,FALSE,FALSE,,,-1,FALSE,
GeneralCrushingMachine,PnPID,System.Int64,TRUE,FALSE,FALSE,FALSE,,,-1,FALSE,
GeneralMill,PnPID,System.Int64,TRUE,FALSE,FALSE,FALSE,,,-1,FALSE,
HammerCrusher,PnPID,System.Int64,TRUE,FALSE,FALSE,FALSE,,,-1,FALSE,
HammerMill,PnPID,System.Int64,TRUE,FALSE,FALSE,FALSE,,,-1,FALSE,
ImpactCrusher,PnPID,System.Int64,TRUE,FALSE,FALSE,FALSE,,,-1,FALSE,
ImpactMill,PnPID,System.Int64,TRUE,FALSE,FALSE,FALSE,,,-1,FALSE,
JawCrusher,PnPID,System.Int64,TRUE,FALSE,FALSE,FALSE,,,-1,FALSE,
JetMill,PnPID,System.Int64,TRUE,FALSE,FALSE,FALSE,,,-1,FALSE,
RollerCrusher,PnPID,System.Int64,TRUE,FALSE,FALSE,FALSE,,,-1,FALSE,
RollerMill,PnPID,System.Int64,TRUE,FALSE,FALSE,FALSE,,,-1,FALSE,
VibrationMill,PnPID,System.Int64,TRUE,FALSE,FALSE,FALSE,,,-1,FALSE,
BallMill,PnPID,System.Int64,TRUE,FALSE,FALSE,FALSE,,,-1,FALSE,
TubeMill,PnPID,System.Int64,TRUE,FALSE,FALSE,FALSE,,,-1,FALSE,
Driers,PnPID,System.Int64,TRUE,FALSE,FALSE,FALSE,,,-1,FALSE,
Driers,Volume,System.String,FALSE,FALSE,FALSE,FALSE,,,255,FALSE,
Driers,DesignPressure,System.String,FALSE,FALSE,FALSE,FALSE,,,255,FALSE,
Driers,DesignTemperature,System.String,FALSE,FALSE,FALSE,FALSE,,,255,FALSE,
Driers,TransferArea,System.String,FALSE,FALSE,FALSE,FALSE,,,255,FALSE,
Driers,Insulation,System.String,FALSE,FALSE,FALSE,FALSE,,,255,FALSE,
DiskMovingShelfTurboDrier,PnPID,System.Int64,TRUE,FALSE,FALSE,FALSE,,,-1,FALSE,
FluidizedBedDrier,PnPID,System.Int64,TRUE,FALSE,FALSE,FALSE,,,-1,FALSE,
GeneralDrier,PnPID,System.Int64,TRUE,FALSE,FALSE,FALSE,,,-1,FALSE,
OvenShelfDrier,PnPID,System.Int64,TRUE,FALSE,FALSE,FALSE,,,-1,FALSE,
RollerConveyoryDrier,PnPID,System.Int64,TRUE,FALSE,FALSE,FALSE,,,-1,FALSE,
RotaryDrumDrier,PnPID,System.Int64,TRUE,FALSE,FALSE,FALSE,,,-1,FALSE,
SprayDrier,PnPID,System.Int64,TRUE,FALSE,FALSE,FALSE,,,-1,FALSE,
Filters,PnPID,System.Int64,TRUE,FALSE,FALSE,FALSE,,,-1,FALSE,
Filters,CartridgeType,System.String,FALSE,FALSE,FALSE,FALSE,,,255,FALSE,
Filters,Efficiency,System.String,FALSE,FALSE,FALSE,FALSE,,,255,FALSE,
Filters,Rating,System.String,FALSE,FALSE,FALSE,FALSE,,,255,FALSE,
Filters,DesignPressure,System.String,FALSE,FALSE,FALSE,FALSE,,,255,FALSE,
Filters,DesignTemperature,System.String,FALSE,FALSE,FALSE,FALSE,,,255,FALSE,
Filters,Insulation,System.String,FALSE,FALSE,FALSE,FALSE,,,255,FALSE,
ActivatedCarbonFilter,PnPID,System.Int64,TRUE,FALSE,FALSE,FALSE,,,-1,FALSE,
BeltFilterForFluids,PnPID,System.Int64,TRUE,FALSE,FALSE,FALSE,,,-1,FALSE,
BeltForGasesFilter,PnPID,System.Int64,TRUE,FALSE,FALSE,FALSE,,,-1,FALSE,
CartridgeFilter,PnPID,System.Int64,TRUE,FALSE,FALSE,FALSE,,,-1,FALSE,
CartridgeFilterForGases,PnPID,System.Int64,TRUE,FALSE,FALSE,FALSE,,,-1,FALSE,
CentrifugeGeneral,PnPID,System.Int64,TRUE,FALSE,FALSE,FALSE,,,-1,FALSE,
DrumFilter,PnPID,System.Int64,TRUE,FALSE,FALSE,FALSE,,,-1,FALSE,
Filter,PnPID,System.Int64,TRUE,FALSE,FALSE,FALSE,,,-1,FALSE,
FixedBedFilter,PnPID,System.Int64,TRUE,FALSE,FALSE,FALSE,,,-1,FALSE,
GasAirFilter,PnPID,System.Int64,TRUE,FALSE,FALSE,FALSE,,,-1,FALSE,
GeneralGasAirFilter,PnPID,System.Int64,TRUE,FALSE,FALSE,FALSE,,,-1,FALSE,
GeneralScreeningDevice,PnPID,System.Int64,TRUE,FALSE,FALSE,FALSE,,,-1,FALSE,
GeneralSifter,PnPID,System.Int64,TRUE,FALSE,FALSE,FALSE,,,-1,FALSE,
GeneralSortingDevice,PnPID,System.Int64,TRUE,FALSE,FALSE,FALSE,,,-1,FALSE,
HEPAFilter,PnPID,System.Int64,TRUE,FALSE,FALSE,FALSE,,,-1,FALSE,
IonExchangeFilter,PnPID,System.Int64,TRUE,FALSE,FALSE,FALSE,,,-1,FALSE,
LiquidFilter,PnPID,System.Int64,TRUE,FALSE,FALSE,FALSE,,,-1,FALSE,
PackedBedFilter,PnPID,System.Int64,TRUE,FALSE,FALSE,FALSE,,,-1,FALSE,
PerforatedShellCentrifuge,PnPID,System.Int64,TRUE,FALSE,FALSE,FALSE,,,-1,FALSE,
PressFilter,PnPID,System.Int64,TRUE,FALSE,FALSE,FALSE,,,-1,FALSE,
PusherCentrifuge,PnPID,System.Int64,TRUE,FALSE,FALSE,FALSE,,,-1,FALSE,
RotarySeparator,PnPID,System.Int64,TRUE,FALSE,FALSE,FALSE,,,-1,FALSE,
ScrewTypeWithDecanterCentrifuge,PnPID,System.Int64,TRUE,FALSE,FALSE,FALSE,,,-1,FALSE,
ScrewTypeWithPerforatedShellCentrifuge,PnPID,System.Int64,TRUE,FALSE,FALSE,FALSE,,,-1,FALSE,
Scrubber,PnPID,System.Int64,TRUE,FALSE,FALSE,FALSE,,,-1,FALSE,
SolidShellCentrifuge,PnPID,System.Int64,TRUE,FALSE,FALSE,FALSE,,,-1,FALSE,
SuctionFilter,PnPID,System.Int64,TRUE,FALSE,FALSE,FALSE,,,-1,FALSE,
TwoScreensScreeningDevice,PnPID,System.Int64,TRUE,FALSE,FALSE,FALSE,,,-1,FALSE,
VacuumFilter,PnPID,System.Int64,TRUE,FALSE,FALSE,FALSE,,,-1,FALSE,
CycloneSeparator,PnPID,System.Int64,TRUE,FALSE,FALSE,FALSE,,,-1,FALSE,
DiskTypeSeparator,PnPID,System.Int64,TRUE,FALSE,FALSE,FALSE,,,-1,FALSE,
DrySeparator,PnPID,System.Int64,TRUE,FALSE,FALSE,FALSE,,,-1,FALSE,
ElectromagneticSeparator,PnPID,System.Int64,TRUE,FALSE,FALSE,FALSE,,,-1,FALSE,
ElectrostaticPrecipitatorSeparator,PnPID,System.Int64,TRUE,FALSE,FALSE,FALSE,,,-1,FALSE,
GeneralSeparator,PnPID,System.Int64,TRUE,FALSE,FALSE,FALSE,,,-1,FALSE,
GravitySettlingChamberSeparator,PnPID,System.Int64,TRUE,FALSE,FALSE,FALSE,,,-1,FALSE,
ImpactSeparator,PnPID,System.Int64,TRUE,FALSE,FALSE,FALSE,,,-1,FALSE,
ThickenerSeparator,PnPID,System.Int64,TRUE,FALSE,FALSE,FALSE,,,-1,FALSE,
VenturiSeparator,PnPID,System.Int64,TRUE,FALSE,FALSE,FALSE,,,-1,FALSE,
WetScrubberSeparator,PnPID,System.Int64,TRUE,FALSE,FALSE,FALSE,,,-1,FALSE,
GravelFilterClosedType,PnPID,System.Int64,TRUE,FALSE,FALSE,FALSE,,,-1,FALSE,
GravelFilterOpenType,PnPID,System.Int64,TRUE,FALSE,FALSE,FALSE,,,-1,FALSE,
MixedBedFilter,PnPID,System.Int64,TRUE,FALSE,FALSE,FALSE,,,-1,FALSE,
ElectromagnetFilter,PnPID,System.Int64,TRUE,FALSE,FALSE,FALSE,,,-1,FALSE,
VesselBuiltInTricklingElementsAtRandom,PnPID,System.Int64,TRUE,FALSE,FALSE,FALSE,,,-1,FALSE,
GeneralStirrer,PnPID,System.Int64,TRUE,FALSE,FALSE,FALSE,,,-1,FALSE,
SeparatorWithHeatExchange,PnPID,System.Int64,TRUE,FALSE,FALSE,FALSE,,,-1,FALSE,
FlashTrap,PnPID,System.Int64,TRUE,FALSE,FALSE,FALSE,,,-1,FALSE,
FineRack,PnPID,System.Int64,TRUE,FALSE,FALSE,FALSE,,,-1,FALSE,
DrumScreeningMachine,PnPID,System.Int64,TRUE,FALSE,FALSE,FALSE,,,-1,FALSE,
BasketBandScreeningMachine,PnPID,System.Int64,TRUE,FALSE,FALSE,FALSE,,,-1,FALSE,
ProtectiveGrating,PnPID,System.Int64,TRUE,FALSE,FALSE,FALSE,,,-1,FALSE,
InsulatingSlabClosure,PnPID,System.Int64,TRUE,FALSE,FALSE,FALSE,,,-1,FALSE,
Furnaces,PnPID,System.Int64,TRUE,FALSE,FALSE,FALSE,,,-1,FALSE,
Furnaces,Duty,System.String,FALSE,FALSE,FALSE,FALSE,,,255,FALSE,
Furnaces,DesignPressure,System.String,FALSE,FALSE,FALSE,FALSE,,,255,FALSE,
Furnaces,DesignTemperature,System.String,FALSE,FALSE,FALSE,FALSE,,,255,FALSE,
Furnaces,Height,System.String,FALSE,FALSE,FALSE,FALSE,,,255,FALSE,
Furnaces,Length,System.String,FALSE,FALSE,FALSE,FALSE,,,255,FALSE,
Furnaces,Insulation,System.String,FALSE,FALSE,FALSE,FALSE,,,255,FALSE,
BurnerFiringSystem,PnPID,System.Int64,TRUE,FALSE,FALSE,FALSE,,,-1,FALSE,
FileEvaporator,PnPID,System.Int64,TRUE,FALSE,FALSE,FALSE,,,-1,FALSE,
FiredHeater,PnPID,System.Int64,TRUE,FALSE,FALSE,FALSE,,,-1,FALSE,
Furnace,PnPID,System.Int64,TRUE,FALSE,FALSE,FALSE,,,-1,FALSE,
GasFlare,PnPID,System.Int64,TRUE,FALSE,FALSE,FALSE,,,-1,FALSE,
IndustrialFurnace,PnPID,System.Int64,TRUE,FALSE,FALSE,FALSE,,,-1,FALSE,
RotaryKiln,PnPID,System.Int64,TRUE,FALSE,FALSE,FALSE,,,-1,FALSE,
SteamBoiler,PnPID,System.Int64,TRUE,FALSE,FALSE,FALSE,,,-1,FALSE,
GasGeneratingPlantGeneral,PnPID,System.Int64,TRUE,FALSE,FALSE,FALSE,,,-1,FALSE,
FuelDegasifier,PnPID,System.Int64,TRUE,FALSE,FALSE,FALSE,,,-1,FALSE,
FuelGasifier,PnPID,System.Int64,TRUE,FALSE,FALSE,FALSE,,,-1,FALSE,
CombustionChamber,PnPID,System.Int64,TRUE,FALSE,FALSE,FALSE,,,-1,FALSE,
HeatConsumerGeneral,PnPID,System.Int64,TRUE,FALSE,FALSE,FALSE,,,-1,FALSE,
HeatConsumerWithHeatingSurface,PnPID,System.Int64,TRUE,FALSE,FALSE,FALSE,,,-1,FALSE,
SootBlower,PnPID,System.Int64,TRUE,FALSE,FALSE,FALSE,,,-1,FALSE,
FiringGeneralBurnerGeneral,PnPID,System.Int64,TRUE,FALSE,FALSE,FALSE,,,-1,FALSE,
SteamGeneratorSteamBoiler,PnPID,System.Int64,TRUE,FALSE,FALSE,FALSE,,,-1,FALSE,
SteamGeneratorHeatedByWasteHeat,PnPID,System.Int64,TRUE,FALSE,FALSE,FALSE,,,-1,FALSE,
SteamGeneratorSuperheaterHeatedByWasteheat,PnPID,System.Int64,TRUE,FALSE,FALSE,FALSE,,,-1,FALSE,
SteamGeneratorElectricallyHeated,PnPID,System.Int64,TRUE,FALSE,FALSE,FALSE,,,-1,FALSE,
SteamConverter,PnPID,System.Int64,TRUE,FALSE,FALSE,FALSE,,,-1,FALSE,
SteamConverterSteamHeated,PnPID,System.Int64,TRUE,FALSE,FALSE,FALSE,,,-1,FALSE,
SteamGeneratorHotWaterHeated,PnPID,System.Int64,TRUE,FALSE,FALSE,FALSE,,,-1,FALSE,
SteamGeneratorLiquidMetalHeated,PnPID,System.Int64,TRUE,FALSE,FALSE,FALSE,,,-1,FALSE,
SteamGeneratorSuperheaterSteamBoilerSuperheater,PnPID,System.Int64,TRUE,FALSE,FALSE,FALSE,,,-1,FALSE,
SteamGeneratorSuperheaterResuperheaterFluegasHeated,PnPID,System.Int64,TRUE,FALSE,FALSE,FALSE,,,-1,FALSE,
SteamGeneratorSuperheatergasFired,PnPID,System.Int64,TRUE,FALSE,FALSE,FALSE,,,-1,FALSE,
SteamGeneratorSuperheateroilFired,PnPID,System.Int64,TRUE,FALSE,FALSE,FALSE,,,-1,FALSE,
SteamGeneratorSuperheaterpulverizedCoalFired,PnPID,System.Int64,TRUE,FALSE,FALSE,FALSE,,,-1,FALSE,
SteamGeneratorSuperheaterPulverizedCoalFiringLiquidSlagRemoval,PnPID,System.Int64,TRUE,FALSE,FALSE,FALSE,,,-1,FALSE,
SteamGeneratorSuperheaterStokerFiringCoalFired,PnPID,System.Int64,TRUE,FALSE,FALSE,FALSE,,,-1,FALSE,
SteamGeneratorSuperheaterStokerFiringrefuseFired,PnPID,System.Int64,TRUE,FALSE,FALSE,FALSE,,,-1,FALSE,
HeatExchangers,PnPID,System.Int64,TRUE,FALSE,FALSE,FALSE,,,-1,FALSE,
HeatExchangers,Duty,System.String,FALSE,FALSE,FALSE,FALSE,,,255,FALSE,
HeatExchangers,SurfaceArea,System.String,FALSE,FALSE,FALSE,FALSE,,,255,FALSE,
HeatExchangers,ShellDesignPressure,System.String,FALSE,FALSE,FALSE,FALSE,,,255,FALSE,
HeatExchangers,ShellDesignTemperature,System.String,FALSE,FALSE,FALSE,FALSE,,,255,FALSE,
HeatExchangers,TubeDesignPressure,System.String,FALSE,FALSE,FALSE,FALSE,,,255,FALSE,
HeatExchangers,TubeDesignTemperature,System.String,FALSE,FALSE,FALSE,FALSE,,,255,FALSE,
HeatExchangers,TrimShell,System.String,FALSE,FALSE,FALSE,FALSE,,,255,FALSE,
HeatExchangers,TrimTube,System.String,FALSE,FALSE,FALSE,FALSE,,,255,FALSE,
HeatExchangers,InsulationType,System.String,FALSE,FALSE,FALSE,FALSE,,,255,FALSE,
HeatExchangers,Insulation,System.String,FALSE,FALSE,FALSE,FALSE,,,255,FALSE,
HeatExchangers,MaterialOfConstructionShell,System.String,FALSE,FALSE,FALSE,FALSE,,,255,FALSE,
HeatExchangers,MaterialOfConstructionTube,System.String,FALSE,FALSE,FALSE,FALSE,,,255,FALSE,
HeatExchangers,FlowRate,System.String,FALSE,FALSE,FALSE,FALSE,,,255,FALSE,
HeatExchangers,Volume,System.String,FALSE,FALSE,FALSE,FALSE,,,255,FALSE,
AirCooledExchanger,PnPID,System.Int64,TRUE,FALSE,FALSE,FALSE,,,-1,FALSE,
DoubleHeatHeatExchanger,PnPID,System.Int64,TRUE,FALSE,FALSE,FALSE,,,-1,FALSE,
DoublePipeExchanger,PnPID,System.Int64,TRUE,FALSE,FALSE,FALSE,,,-1,FALSE,
Evaporator,PnPID,System.Int64,TRUE,FALSE,FALSE,FALSE,,,-1,FALSE,
FinnedTubeHeatExchanger,PnPID,System.Int64,TRUE,FALSE,FALSE,FALSE,,,-1,FALSE,
General1HeatExchanger,PnPID,System.Int64,TRUE,FALSE,FALSE,FALSE,,,-1,FALSE,
General2HeatExchanger,PnPID,System.Int64,TRUE,FALSE,FALSE,FALSE,,,-1,FALSE,
GeneralCoolingTower,PnPID,System.Int64,TRUE,FALSE,FALSE,FALSE,,,-1,FALSE,
HeatingCooling,PnPID,System.Int64,TRUE,FALSE,FALSE,FALSE,,,-1,FALSE,
PlateAndFrameExchanger,PnPID,System.Int64,TRUE,FALSE,FALSE,FALSE,,,-1,FALSE,
PlateTypeHeatExchanger,PnPID,System.Int64,TRUE,FALSE,FALSE,FALSE,,,-1,FALSE,
ShellAndTubeBundleHeatExchangerWithUTube,PnPID,System.Int64,TRUE,FALSE,FALSE,FALSE,,,-1,FALSE,
ShellTubeFloatingHeadHeatExchanger,PnPID,System.Int64,TRUE,FALSE,FALSE,FALSE,,,-1,FALSE,
ShellTubeHeatExchanger,PnPID,System.Int64,TRUE,FALSE,FALSE,FALSE,,,-1,FALSE,
SpiralHeatExchanger,PnPID,System.Int64,TRUE,FALSE,FALSE,FALSE,,,-1,FALSE,
SprayCoolerHeatExchanger,PnPID,System.Int64,TRUE,FALSE,FALSE,FALSE,,,-1,FALSE,
TEMATypeAEL,PnPID,System.Int64,TRUE,FALSE,FALSE,FALSE,,,-1,FALSE,
TEMATypeAEM,PnPID,System.Int64,TRUE,FALSE,FALSE,FALSE,,,-1,FALSE,
TEMATypeBEM,PnPID,System.Int64,TRUE,FALSE,FALSE,FALSE,,,-1,FALSE,
TEMATypeBEU,PnPID,System.Int64,TRUE,FALSE,FALSE,FALSE,,,-1,FALSE,
TEMATypeBKU,PnPID,System.Int64,TRUE,FALSE,FALSE,FALSE,,,-1,FALSE,
TEMATypeNEN,PnPID,System.Int64,TRUE,FALSE,FALSE,FALSE,,,-1,FALSE,
TubeBundleFloatingHeadHeatExchanger,PnPID,System.Int64,TRUE,FALSE,FALSE,FALSE,,,-1,FALSE,
TubeBundleHeatExchangerWithUTube,PnPID,System.Int64,TRUE,FALSE,FALSE,FALSE,,,-1,FALSE,
TubeCoilHeatExchanger,PnPID,System.Int64,TRUE,FALSE,FALSE,FALSE,,,-1,FALSE,
SurfaceHeatExchangerCrossingMediaFlow,PnPID,System.Int64,TRUE,FALSE,FALSE,FALSE,,,-1,FALSE,
OilFiredBoilerWaterHeating,PnPID,System.Int64,TRUE,FALSE,FALSE,FALSE,,,-1,FALSE,
WaterHeaterElectricallyHeated,PnPID,System.Int64,TRUE,FALSE,FALSE,FALSE,,,-1,FALSE,
SurfaceHeatExchangerFluegasHeated,PnPID,System.Int64,TRUE,FALSE,FALSE,FALSE,,,-1,FALSE,
FeedwaterPreheaterHeatedByFlowingSteam,PnPID,System.Int64,TRUE,FALSE,FALSE,FALSE,,,-1,FALSE,
FeedwaterPreheaterHeatedByCondensingSteam,PnPID,System.Int64,TRUE,FALSE,FALSE,FALSE,,,-1,FALSE,
CondensateCoolerWaterCooled,PnPID,System.Int64,TRUE,FALSE,FALSE,FALSE,,,-1,FALSE,
OilCoolerWaterCooled,PnPID,System.Int64,TRUE,FALSE,FALSE,FALSE,,,-1,FALSE,
AirPreheaterHeatedByFlueGas,PnPID,System.Int64,TRUE,FALSE,FALSE,FALSE,,,-1,FALSE,
WaterPreheaterHeatedByWasteGas,PnPID,System.Int64,TRUE,FALSE,FALSE,FALSE,,,-1,FALSE,
CondenserWithWaterReCooling,PnPID,System.Int64,TRUE,FALSE,FALSE,FALSE,,,-1,FALSE,
TurbineCondenserWithSplitWaterCircuits,PnPID,System.Int64,TRUE,FALSE,FALSE,FALSE,,,-1,FALSE,
HeatExchangerOperatingByMixingOfTheMedia,PnPID,System.Int64,TRUE,FALSE,FALSE,FALSE,,,-1,FALSE,
SteamCoolerWithWaterInjection,PnPID,System.Int64,TRUE,FALSE,FALSE,FALSE,,,-1,FALSE,
InjectionCondenser,PnPID,System.Int64,TRUE,FALSE,FALSE,FALSE,,,-1,FALSE,
MixingPreheaterDeaerator,PnPID,System.Int64,TRUE,FALSE,FALSE,FALSE,,,-1,FALSE,
WetCoolingTowerNaturalDraught,PnPID,System.Int64,TRUE,FALSE,FALSE,FALSE,,,-1,FALSE,
WetCoolingTowerInducedDraughtFan,PnPID,System.Int64,TRUE,FALSE,FALSE,FALSE,,,-1,FALSE,
WetCoolingTowerForcedDraughtFan,PnPID,System.Int64,TRUE,FALSE,FALSE,FALSE,,,-1,FALSE,
DryCoolingTowerNaturalDraught,PnPID,System.Int64,TRUE,FALSE,FALSE,FALSE,,,-1,FALSE,
DryCoolingTowerInducedDraughtFan,PnPID,System.Int64,TRUE,FALSE,FALSE,FALSE,,,-1,FALSE,
DryCoolingTowerForcedDraughtFan,PnPID,System.Int64,TRUE,FALSE,FALSE,FALSE,,,-1,FALSE,
WetDryCoolingTowerNaturalDraught,PnPID,System.Int64,TRUE,FALSE,FALSE,FALSE,,,-1,FALSE,
MechanicalDrivers,PnPID,System.Int64,TRUE,FALSE,FALSE,FALSE,,,-1,FALSE,
MechanicalDrivers,Voltage,System.String,FALSE,FALSE,FALSE,FALSE,,,255,FALSE,
MechanicalDrivers,Phase,System.String,FALSE,FALSE,FALSE,FALSE,,,255,FALSE,
MechanicalDrivers,Frequency,System.String,FALSE,FALSE,FALSE,FALSE,,,255,FALSE,
MechanicalDrivers,Speed,System.String,FALSE,FALSE,FALSE,FALSE,,,255,FALSE,
MechanicalDrivers,PowerRating,System.String,FALSE,FALSE,FALSE,FALSE,,,255,FALSE,
MechanicalDrivers,Certification,System.String,FALSE,FALSE,FALSE,FALSE,,,255,FALSE,
MechanicalDrivers,Frame,System.String,FALSE,FALSE,FALSE,FALSE,,,255,FALSE,
CombustionEngineDrive,PnPID,System.Int64,TRUE,FALSE,FALSE,FALSE,,,-1,FALSE,
DieselEngine,PnPID,System.Int64,TRUE,FALSE,FALSE,FALSE,,,-1,FALSE,
ElectricMotor,PnPID,System.Int64,TRUE,FALSE,FALSE,FALSE,,,-1,FALSE,
Gear,PnPID,System.Int64,TRUE,FALSE,FALSE,FALSE,,,-1,FALSE,
GeneralDrive,PnPID,System.Int64,TRUE,FALSE,FALSE,FALSE,,,-1,FALSE,
Motor,PnPID,System.Int64,TRUE,FALSE,FALSE,FALSE,,,-1,FALSE,
TurbineDriver,PnPID,System.Int64,TRUE,FALSE,FALSE,FALSE,,,-1,FALSE,
CurrentGenerator,PnPID,System.Int64,TRUE,FALSE,FALSE,FALSE,,,-1,FALSE,
AlternatingCurrentGeneratorGeneral,PnPID,System.Int64,TRUE,FALSE,FALSE,FALSE,,,-1,FALSE,
DirectCurrentGeneratorGeneral,PnPID,System.Int64,TRUE,FALSE,FALSE,FALSE,,,-1,FALSE,
DrivenMechanicalMachine,PnPID,System.Int64,TRUE,FALSE,FALSE,FALSE,,,-1,FALSE,
SteamTurbine,PnPID,System.Int64,TRUE,FALSE,FALSE,FALSE,,,-1,FALSE,
SteamTurbineWithExtractionNotControlled,PnPID,System.Int64,TRUE,FALSE,FALSE,FALSE,,,-1,FALSE,
SteamTurbineWithControlledExtraction,PnPID,System.Int64,TRUE,FALSE,FALSE,FALSE,,,-1,FALSE,
DoubleFlowSteamTurbineWithCentralAdmission,PnPID,System.Int64,TRUE,FALSE,FALSE,FALSE,,,-1,FALSE,
DoubleFlowSteamTurbineWithAdmissionBothEnds,PnPID,System.Int64,TRUE,FALSE,FALSE,FALSE,,,-1,FALSE,
GasTurbine,PnPID,System.Int64,TRUE,FALSE,FALSE,FALSE,,,-1,FALSE,
HydraulicTurbine,PnPID,System.Int64,TRUE,FALSE,FALSE,FALSE,,,-1,FALSE,
DrivingEngineWithReciprocatingPistons,PnPID,System.Int64,TRUE,FALSE,FALSE,FALSE,,,-1,FALSE,
ReciprocatingSteamEngine,PnPID,System.Int64,TRUE,FALSE,FALSE,FALSE,,,-1,FALSE,
DrivingEngineWithRotaryPiston,PnPID,System.Int64,TRUE,FALSE,FALSE,FALSE,,,-1,FALSE,
AlternatingCurrentMotorGeneral,PnPID,System.Int64,TRUE,FALSE,FALSE,FALSE,,,-1,FALSE,
DirectCurrentMotorGeneral,PnPID,System.Int64,TRUE,FALSE,FALSE,FALSE,,,-1,FALSE,
MiscellaneousEquipment,PnPID,System.Int64,TRUE,FALSE,FALSE,FALSE,,,-1,FALSE,
MiscellaneousEquipment,DesignPressure,System.String,FALSE,FALSE,FALSE,FALSE,,,255,FALSE,
MiscellaneousEquipment,DesignTemperature,System.String,FALSE,FALSE,FALSE,FALSE,,,255,FALSE,
MiscellaneousEquipment,Height,System.String,FALSE,FALSE,FALSE,FALSE,,,255,FALSE,
MiscellaneousEquipment,Length,System.String,FALSE,FALSE,FALSE,FALSE,,,255,FALSE,
MiscellaneousEquipment,Volume,System.String,FALSE,FALSE,FALSE,FALSE,,,255,FALSE,
MiscellaneousEquipment,Insulation,System.String,FALSE,FALSE,FALSE,FALSE,,,255,FALSE,
BeltScale,PnPID,System.Int64,TRUE,FALSE,FALSE,FALSE,,,-1,FALSE,
BoxTruck,PnPID,System.Int64,TRUE,FALSE,FALSE,FALSE,,,-1,FALSE,
BulkStorage,PnPID,System.Int64,TRUE,FALSE,FALSE,FALSE,,,-1,FALSE,
CarTank,PnPID,System.Int64,TRUE,FALSE,FALSE,FALSE,,,-1,FALSE,
ElectrolysisCellGeneral,PnPID,System.Int64,TRUE,FALSE,FALSE,FALSE,,,-1,FALSE,
ExtruderShapingMachine,PnPID,System.Int64,TRUE,FALSE,FALSE,FALSE,,,-1,FALSE,
FluidDistributionDevice,PnPID,System.Int64,TRUE,FALSE,FALSE,FALSE,,,-1,FALSE,
GeneralCoarseningShapingMachine,PnPID,System.Int64,TRUE,FALSE,FALSE,FALSE,,,-1,FALSE,
GeneralHood,PnPID,System.Int64,TRUE,FALSE,FALSE,FALSE,,,-1,FALSE,
GeneralKneader,PnPID,System.Int64,TRUE,FALSE,FALSE,FALSE,,,-1,FALSE,
GeneralScale,PnPID,System.Int64,TRUE,FALSE,FALSE,FALSE,,,-1,FALSE,
GeneralSolidsProportioner,PnPID,System.Int64,TRUE,FALSE,FALSE,FALSE,,,-1,FALSE,
IndustrialTruck,PnPID,System.Int64,TRUE,FALSE,FALSE,FALSE,,,-1,FALSE,
PackedTower,PnPID,System.Int64,TRUE,FALSE,FALSE,FALSE,,,-1,FALSE,
PelletizingDiskShapingMachine,PnPID,System.Int64,TRUE,FALSE,FALSE,FALSE,,,-1,FALSE,
PistonPressShapingMachine,PnPID,System.Int64,TRUE,FALSE,FALSE,FALSE,,,-1,FALSE,
RollerPressShapingMachine,PnPID,System.Int64,TRUE,FALSE,FALSE,FALSE,,,-1,FALSE,
RollStand,PnPID,System.Int64,TRUE,FALSE,FALSE,FALSE,,,-1,FALSE,
RotaryTable,PnPID,System.Int64,TRUE,FALSE,FALSE,FALSE,,,-1,FALSE,
RotaryValveFeeder,PnPID,System.Int64,TRUE,FALSE,FALSE,FALSE,,,-1,FALSE,
ScrewTypeExtruderShapingMachine,PnPID,System.Int64,TRUE,FALSE,FALSE,FALSE,,,-1,FALSE,
Ship,PnPID,System.Int64,TRUE,FALSE,FALSE,FALSE,,,-1,FALSE,
Silo,PnPID,System.Int64,TRUE,FALSE,FALSE,FALSE,,,-1,FALSE,
StackChimney,PnPID,System.Int64,TRUE,FALSE,FALSE,FALSE,,,-1,FALSE,
WeighbridgeScale,PnPID,System.Int64,TRUE,FALSE,FALSE,FALSE,,,-1,FALSE,
MixingEquipment,PnPID,System.Int64,TRUE,FALSE,FALSE,FALSE,,,-1,FALSE,
MixingEquipment,Power,System.String,FALSE,FALSE,FALSE,FALSE,,,255,FALSE,
MixingEquipment,Driver,System.String,FALSE,FALSE,FALSE,FALSE,,,255,FALSE,
AnchorAgitator,PnPID,System.Int64,TRUE,FALSE,FALSE,FALSE,,,-1,FALSE,
BladeAgitator,PnPID,System.Int64,TRUE,FALSE,FALSE,FALSE,,,-1,FALSE,
CrossBeamAgitator,PnPID,System.Int64,TRUE,FALSE,FALSE,FALSE,,,-1,FALSE,
DiskAgitator,PnPID,System.Int64,TRUE,FALSE,FALSE,FALSE,,,-1,FALSE,
GatePaddleAgitator,PnPID,System.Int64,TRUE,FALSE,FALSE,FALSE,,,-1,FALSE,
GeneralAgitator,PnPID,System.Int64,TRUE,FALSE,FALSE,FALSE,,,-1,FALSE,
GeneralMixer,PnPID,System.Int64,TRUE,FALSE,FALSE,FALSE,,,-1,FALSE,
HelicalAgitator,PnPID,System.Int64,TRUE,FALSE,FALSE,FALSE,,,-1,FALSE,
ImpellerAgitator,PnPID,System.Int64,TRUE,FALSE,FALSE,FALSE,,,-1,FALSE,
MixerAgitator,PnPID,System.Int64,TRUE,FALSE,FALSE,FALSE,,,-1,FALSE,
PaddleAgitator,PnPID,System.Int64,TRUE,FALSE,FALSE,FALSE,,,-1,FALSE,
PropellerAgitator,PnPID,System.Int64,TRUE,FALSE,FALSE,FALSE,,,-1,FALSE,
StaticMixer,PnPID,System.Int64,TRUE,FALSE,FALSE,FALSE,,,-1,FALSE,
TurbineAgitator,PnPID,System.Int64,TRUE,FALSE,FALSE,FALSE,,,-1,FALSE,
Pumps,PnPID,System.Int64,TRUE,FALSE,FALSE,FALSE,,,-1,FALSE,
Pumps,FlowCapacity,System.String,FALSE,FALSE,FALSE,FALSE,,,255,FALSE,
Pumps,Power,System.String,FALSE,FALSE,FALSE,FALSE,,,255,FALSE,
Pumps,TotalDynamicHead,System.String,FALSE,FALSE,FALSE,FALSE,,,255,FALSE,
Pumps,Voltage,System.String,FALSE,FALSE,FALSE,FALSE,,,255,FALSE,
Pumps,Phase,System.String,FALSE,FALSE,FALSE,FALSE,,,255,FALSE,
Pumps,Frequency,System.String,FALSE,FALSE,FALSE,FALSE,,,255,FALSE,
Pumps,InsulationType,System.String,FALSE,FALSE,FALSE,FALSE,,,255,FALSE,
Pumps,Insulation,System.String,FALSE,FALSE,FALSE,FALSE,,,255,FALSE,
CentrifugalPump,PnPID,System.Int64,TRUE,FALSE,FALSE,FALSE,,,-1,FALSE,
CentrifugalSumpPump,PnPID,System.Int64,TRUE,FALSE,FALSE,FALSE,,,-1,FALSE,
DiaphragmPump,PnPID,System.Int64,TRUE,FALSE,FALSE,FALSE,,,-1,FALSE,
GearPump,PnPID,System.Int64,TRUE,FALSE,FALSE,FALSE,,,-1,FALSE,
GeneralPump,PnPID,System.Int64,TRUE,FALSE,FALSE,FALSE,,,-1,FALSE,
HelicalRotorPump,PnPID,System.Int64,TRUE,FALSE,FALSE,FALSE,,,-1,FALSE,
HorizontalCentrifugalPump,PnPID,System.Int64,TRUE,FALSE,FALSE,FALSE,,,-1,FALSE,
LiquidJetPump,PnPID,System.Int64,TRUE,FALSE,FALSE,FALSE,,,-1,FALSE,
LiquidRingVacuumPump,PnPID,System.Int64,TRUE,FALSE,FALSE,FALSE,,,-1,FALSE,
PositiveDisplacementPump,PnPID,System.Int64,TRUE,FALSE,FALSE,FALSE,,,-1,FALSE,
ProgressiveCavityPump,PnPID,System.Int64,TRUE,FALSE,FALSE,FALSE,,,-1,FALSE,
ReciprocatingPump,PnPID,System.Int64,TRUE,FALSE,FALSE,FALSE,,,-1,FALSE,
ScrewPump,PnPID,System.Int64,TRUE,FALSE,FALSE,FALSE,,,-1,FALSE,
VerticalCanPump,PnPID,System.Int64,TRUE,FALSE,FALSE,FALSE,,,-1,FALSE,
VerticalInlinePump,PnPID,System.Int64,TRUE,FALSE,FALSE,FALSE,,,-1,FALSE,
RotaryPistonPump,PnPID,System.Int64,TRUE,FALSE,FALSE,FALSE,,,-1,FALSE,
ElectromagneticPump,PnPID,System.Int64,TRUE,FALSE,FALSE,FALSE,,,-1,FALSE,
Tanks,PnPID,System.Int64,TRUE,FALSE,FALSE,FALSE,,,-1,FALSE,
Tanks,Diameter,System.String,FALSE,FALSE,FALSE,FALSE,,,255,FALSE,
Tanks,Capacity,System.String,FALSE,FALSE,FALSE,FALSE,,,255,FALSE,
Tanks,DesignPressure,System.String,FALSE,FALSE,FALSE,FALSE,,,255,FALSE,
Tanks,DesignTemperature,System.String,FALSE,FALSE,FALSE,FALSE,,,255,FALSE,
Tanks,Trim,System.String,FALSE,FALSE,FALSE,FALSE,,,255,FALSE,
Tanks,InsulationType,System.String,FALSE,FALSE,FALSE,FALSE,,,255,FALSE,
Tanks,Insulation,System.String,FALSE,FALSE,FALSE,FALSE,,,255,FALSE,
Tanks,Height,System.String,FALSE,FALSE,FALSE,FALSE,,,255,FALSE,
Tanks,Width,System.String,FALSE,FALSE,FALSE,FALSE,,,255,FALSE,
Tanks,OperatingPressure,System.String,FALSE,FALSE,FALSE,FALSE,,,255,FALSE,
Tanks,OperatingTemperature,System.String,FALSE,FALSE,FALSE,FALSE,,,255,FALSE,
Tanks,NumberOfTrays,System.Int32,FALSE,FALSE,FALSE,FALSE,,,-1,FALSE,
Bag,PnPID,System.Int64,TRUE,FALSE,FALSE,FALSE,,,-1,FALSE,
ConeRoofTank,PnPID,System.Int64,TRUE,FALSE,FALSE,FALSE,,,-1,FALSE,
ConicalBin,PnPID,System.Int64,TRUE,FALSE,FALSE,FALSE,,,-1,FALSE,
ConicalHeadsVessel,PnPID,System.Int64,TRUE,FALSE,FALSE,FALSE,,,-1,FALSE,
Container,PnPID,System.Int64,TRUE,FALSE,FALSE,FALSE,,,-1,FALSE,
CoolingTower,PnPID,System.Int64,TRUE,FALSE,FALSE,FALSE,,,-1,FALSE,
DishedHeadsVessel,PnPID,System.Int64,TRUE,FALSE,FALSE,FALSE,,,-1,FALSE,
DistillationTower,PnPID,System.Int64,TRUE,FALSE,FALSE,FALSE,,,-1,FALSE,
DomeRoofTank,PnPID,System.Int64,TRUE,FALSE,FALSE,FALSE,,,-1,FALSE,
DoubleWallTank,PnPID,System.Int64,TRUE,FALSE,FALSE,FALSE,,,-1,FALSE,
ExternalFloatingRoofTank,PnPID,System.Int64,TRUE,FALSE,FALSE,FALSE,,,-1,FALSE,
FixedBedColumn,PnPID,System.Int64,TRUE,FALSE,FALSE,FALSE,,,-1,FALSE,
FloatingRoofTank,PnPID,System.Int64,TRUE,FALSE,FALSE,FALSE,,,-1,FALSE,
FluidizedBedColumn,PnPID,System.Int64,TRUE,FALSE,FALSE,FALSE,,,-1,FALSE,
FullTubeCoilVessel,PnPID,System.Int64,TRUE,FALSE,FALSE,FALSE,,,-1,FALSE,
GasCylinder,PnPID,System.Int64,TRUE,FALSE,FALSE,FALSE,,,-1,FALSE,
GasHolder,PnPID,System.Int64,TRUE,FALSE,FALSE,FALSE,,,-1,FALSE,
GeneralBasin,PnPID,System.Int64,TRUE,FALSE,FALSE,FALSE,,,-1,FALSE,
GeneralColumn,PnPID,System.Int64,TRUE,FALSE,FALSE,FALSE,,,-1,FALSE,
GeneralColumnWithTrays,PnPID,System.Int64,TRUE,FALSE,FALSE,FALSE,,,-1,FALSE,
GeneralVessel,PnPID,System.Int64,TRUE,FALSE,FALSE,FALSE,,,-1,FALSE,
InternalFloatingRoofTank,PnPID,System.Int64,TRUE,FALSE,FALSE,FALSE,,,-1,FALSE,
JacketedVessel,PnPID,System.Int64,TRUE,FALSE,FALSE,FALSE,,,-1,FALSE,
OpenTopTank,PnPID,System.Int64,TRUE,FALSE,FALSE,FALSE,,,-1,FALSE,
Reactor,PnPID,System.Int64,TRUE,FALSE,FALSE,FALSE,,,-1,FALSE,
SemiTubeVessel,PnPID,System.Int64,TRUE,FALSE,FALSE,FALSE,,,-1,FALSE,
Sphere,PnPID,System.Int64,TRUE,FALSE,FALSE,FALSE,,,-1,FALSE,
SphericalVessel,PnPID,System.Int64,TRUE,FALSE,FALSE,FALSE,,,-1,FALSE,
Vessel,PnPID,System.Int64,TRUE,FALSE,FALSE,FALSE,,,-1,FALSE,
VesselWithPackedSection,PnPID,System.Int64,TRUE,FALSE,FALSE,FALSE,,,-1,FALSE,
VesselWithTrayedInternals,PnPID,System.Int64,TRUE,FALSE,FALSE,FALSE,,,-1,FALSE,
WeightHopper,PnPID,System.Int64,TRUE,FALSE,FALSE,FALSE,,,-1,FALSE,
ChemicalTreatmentWater,PnPID,System.Int64,TRUE,FALSE,FALSE,FALSE,,,-1,FALSE,
WaterTreatmentTank,PnPID,System.Int64,TRUE,FALSE,FALSE,FALSE,,,-1,FALSE,
WaterTreatmentTankOpen,PnPID,System.Int64,TRUE,FALSE,FALSE,FALSE,,,-1,FALSE,
WaterTreatmentTankOpenWithStirrer,PnPID,System.Int64,TRUE,FALSE,FALSE,FALSE,,,-1,FALSE,
WaterTreatmentTankOpenWithOverPressure,PnPID,System.Int64,TRUE,FALSE,FALSE,FALSE,,,-1,FALSE,
RapidCleaningTank,PnPID,System.Int64,TRUE,FALSE,FALSE,FALSE,,,-1,FALSE,
MeteringDevice,PnPID,System.Int64,TRUE,FALSE,FALSE,FALSE,,,-1,FALSE,
VesselWithDishedEndsGeneral,PnPID,System.Int64,TRUE,FALSE,FALSE,FALSE,,,-1,FALSE,
VesselWithTaperedEnds,PnPID,System.Int64,TRUE,FALSE,FALSE,FALSE,,,-1,FALSE,
VesselWithPipeCoils,PnPID,System.Int64,TRUE,FALSE,FALSE,FALSE,,,-1,FALSE,
VesselWithTricklingDeaeration,PnPID,System.Int64,TRUE,FALSE,FALSE,FALSE,,,-1,FALSE,
VesselTricklingDeaerationandSteamAdmissionBottom,PnPID,System.Int64,TRUE,FALSE,FALSE,FALSE,,,-1,FALSE,
VesselWithSprayDeaeration,PnPID,System.Int64,TRUE,FALSE,FALSE,FALSE,,,-1,FALSE,
VesselWithSprayDeaerationAndSpraynozzles,PnPID,System.Int64,TRUE,FALSE,FALSE,FALSE,,,-1,FALSE,
GravityAccumulator,PnPID,System.Int64,TRUE,FALSE,FALSE,FALSE,,,-1,FALSE,
BarrelDrum,PnPID,System.Int64,TRUE,FALSE,FALSE,FALSE,,,-1,FALSE,
NuclearReactors,PnPID,System.Int64,TRUE,FALSE,FALSE,FALSE,,,-1,FALSE,
NuclearReactorGeneral,PnPID,System.Int64,TRUE,FALSE,FALSE,FALSE,,,-1,FALSE,
RepOperatingAreas,PnPID,System.Int64,TRUE,FALSE,FALSE,FALSE,,,-1,FALSE,
PressurizedWaterReactor,PnPID,System.Int64,TRUE,FALSE,FALSE,FALSE,,,-1,FALSE,
BoilingWaterReactor,PnPID,System.Int64,TRUE,FALSE,FALSE,FALSE,,,-1,FALSE,
AdvancedGasCooledReactor,PnPID,System.Int64,TRUE,FALSE,FALSE,FALSE,,,-1,FALSE,
HighTemperatureReactor,PnPID,System.Int64,TRUE,FALSE,FALSE,FALSE,,,-1,FALSE,
FastBreederReactor,PnPID,System.Int64,TRUE,FALSE,FALSE,FALSE,,,-1,FALSE,
EnergySymbols,PnPID,System.Int64,TRUE,FALSE,FALSE,FALSE,,,-1,FALSE,
MechanicalEnergy,PnPID,System.Int64,TRUE,FALSE,FALSE,FALSE,,,-1,FALSE,
PneumaticEnergy,PnPID,System.Int64,TRUE,FALSE,FALSE,FALSE,,,-1,FALSE,
HeatEnergy,PnPID,System.Int64,TRUE,FALSE,FALSE,FALSE,,,-1,FALSE,
SteamEnergy,PnPID,System.Int64,TRUE,FALSE,FALSE,FALSE,,,-1,FALSE,
WaterEnergy,PnPID,System.Int64,TRUE,FALSE,FALSE,FALSE,,,-1,FALSE,
ElectricEnergy,PnPID,System.Int64,TRUE,FALSE,FALSE,FALSE,,,-1,FALSE,
HydraulicEnergy,PnPID,System.Int64,TRUE,FALSE,FALSE,FALSE,,,-1,FALSE,
LightEnergy,PnPID,System.Int64,TRUE,FALSE,FALSE,FALSE,,,-1,FALSE,
RadiationEnergy,PnPID,System.Int64,TRUE,FALSE,FALSE,FALSE,,,-1,FALSE,
IonizingRadiationEnergy,PnPID,System.Int64,TRUE,FALSE,FALSE,FALSE,,,-1,FALSE,
InLineAssets,PnPID,System.Int64,TRUE,FALSE,FALSE,FALSE,,,-1,FALSE,
InLineAssets,Size,System.String,FALSE,FALSE,FALSE,FALSE,,,255,FALSE,
InLineAssets,Spec,System.String,FALSE,FALSE,FALSE,FALSE,,,255,FALSE,
InLineAssets,Spec Part,System.String,FALSE,FALSE,FALSE,FALSE,,,255,FALSE,
InLineAssets,SpecPartGuid,System.String,FALSE,FALSE,FALSE,FALSE,,,255,FALSE,
HandValves,PnPID,System.Int64,TRUE,FALSE,FALSE,FALSE,,,-1,FALSE,
HandValves,Tag,System.String,FALSE,FALSE,FALSE,FALSE,,,255,FALSE,
HandValves,ValveCode,System.String,FALSE,FALSE,FALSE,FALSE,,,255,FALSE,
HandValves,Normally,System.String,FALSE,FALSE,FALSE,FALSE,,,255,FALSE,
HandValves,Failure,System.String,FALSE,FALSE,FALSE,FALSE,,,255,FALSE,
HandValves,EndConnections,System.String,FALSE,FALSE,FALSE,FALSE,,,255,FALSE,
HandValves,Number,System.String,FALSE,FALSE,FALSE,FALSE,,,255,FALSE,
HandValves,Code,System.String,FALSE,FALSE,FALSE,FALSE,,,255,FALSE,
AngleBallValve,PnPID,System.Int64,TRUE,FALSE,FALSE,FALSE,,,-1,FALSE,
AngleGlobeValve,PnPID,System.Int64,TRUE,FALSE,FALSE,FALSE,,,-1,FALSE,
AngleValve,PnPID,System.Int64,TRUE,FALSE,FALSE,FALSE,,,-1,FALSE,
BallValve,PnPID,System.Int64,TRUE,FALSE,FALSE,FALSE,,,-1,FALSE,
BreatherValve,PnPID,System.Int64,TRUE,FALSE,FALSE,FALSE,,,-1,FALSE,
ButterflyValve,PnPID,System.Int64,TRUE,FALSE,FALSE,FALSE,,,-1,FALSE,
CheckValve,PnPID,System.Int64,TRUE,FALSE,FALSE,FALSE,,,-1,FALSE,
ContinuouslyOperatedValve,PnPID,System.Int64,TRUE,FALSE,FALSE,FALSE,,,-1,FALSE,
DiaphragmValve,PnPID,System.Int64,TRUE,FALSE,FALSE,FALSE,,,-1,FALSE,
DiverterValve,PnPID,System.Int64,TRUE,FALSE,FALSE,FALSE,,,-1,FALSE,
ExcessFlowValve,PnPID,System.Int64,TRUE,FALSE,FALSE,FALSE,,,-1,FALSE,
FourWayValve,PnPID,System.Int64,TRUE,FALSE,FALSE,FALSE,,,-1,FALSE,
GateValve,PnPID,System.Int64,TRUE,FALSE,FALSE,FALSE,,,-1,FALSE,
GenericRotaryValve,PnPID,System.Int64,TRUE,FALSE,FALSE,FALSE,,,-1,FALSE,
GlobeValve,PnPID,System.Int64,TRUE,FALSE,FALSE,FALSE,,,-1,FALSE,
KnifeValve,PnPID,System.Int64,TRUE,FALSE,FALSE,FALSE,,,-1,FALSE,
LiftCheckValve,PnPID,System.Int64,TRUE,FALSE,FALSE,FALSE,,,-1,FALSE,
NeedleValve,PnPID,System.Int64,TRUE,FALSE,FALSE,FALSE,,,-1,FALSE,
PinchValve,PnPID,System.Int64,TRUE,FALSE,FALSE,FALSE,,,-1,FALSE,
PlugValve,PnPID,System.Int64,TRUE,FALSE,FALSE,FALSE,,,-1,FALSE,
RotaryValve,PnPID,System.Int64,TRUE,FALSE,FALSE,FALSE,,,-1,FALSE,
StopCheckValve,PnPID,System.Int64,TRUE,FALSE,FALSE,FALSE,,,-1,FALSE,
SwingCheckValve,PnPID,System.Int64,TRUE,FALSE,FALSE,FALSE,,,-1,FALSE,
ThreeWayBallValve,PnPID,System.Int64,TRUE,FALSE,FALSE,FALSE,,,-1,FALSE,
ThreeWayGlobeValve,PnPID,System.Int64,TRUE,FALSE,FALSE,FALSE,,,-1,FALSE,
ThreeWayValve,PnPID,System.Int64,TRUE,FALSE,FALSE,FALSE,,,-1,FALSE,
ValveGeneral,PnPID,System.Int64,TRUE,FALSE,FALSE,FALSE,,,-1,FALSE,
StraightwayCheckValve,PnPID,System.Int64,TRUE,FALSE,FALSE,FALSE,,,-1,FALSE,
ScrewdownStraightwayCheckValve,PnPID,System.Int64,TRUE,FALSE,FALSE,FALSE,,,-1,FALSE,
AngleCheckValve,PnPID,System.Int64,TRUE,FALSE,FALSE,FALSE,,,-1,FALSE,
ScrewdownAngleCheckValve,PnPID,System.Int64,TRUE,FALSE,FALSE,FALSE,,,-1,FALSE,
BallCheckValve,PnPID,System.Int64,TRUE,FALSE,FALSE,FALSE,,,-1,FALSE,
StraightwayProgressiveAdjustment,PnPID,System.Int64,TRUE,FALSE,FALSE,FALSE,,,-1,FALSE,
AngleValveProgressiveAdjustmentCharacteristic,PnPID,System.Int64,TRUE,FALSE,FALSE,FALSE,,,-1,FALSE,
BallFloatValve,PnPID,System.Int64,TRUE,FALSE,FALSE,FALSE,,,-1,FALSE,
HoseClamp,PnPID,System.Int64,TRUE,FALSE,FALSE,FALSE,,,-1,FALSE,
StraightwayPressureReducing,PnPID,System.Int64,TRUE,FALSE,FALSE,FALSE,,,-1,FALSE,
StraightwayPressureReducingInjection,PnPID,System.Int64,TRUE,FALSE,FALSE,FALSE,,,-1,FALSE,
AnglePressureReducingInjection,PnPID,System.Int64,TRUE,FALSE,FALSE,FALSE,,,-1,FALSE,
ThreewayPressureReducingInjection,PnPID,System.Int64,TRUE,FALSE,FALSE,FALSE,,,-1,FALSE,
GateValveprogressiveAdjustment,PnPID,System.Int64,TRUE,FALSE,FALSE,FALSE,,,-1,FALSE,
ButterflyValveProgressiveAdjustmentCharacteristic,PnPID,System.Int64,TRUE,FALSE,FALSE,FALSE,,,-1,FALSE,
LouverDamper,PnPID,System.Int64,TRUE,FALSE,FALSE,FALSE,,,-1,FALSE,
RollShutterDamper,PnPID,System.Int64,TRUE,FALSE,FALSE,FALSE,,,-1,FALSE,
FlowLimiterWithOrificePlate,PnPID,System.Int64,TRUE,FALSE,FALSE,FALSE,,,-1,FALSE,
InspectionGlass,PnPID,System.Int64,TRUE,FALSE,FALSE,FALSE,,,-1,FALSE,
MixingSection,PnPID,System.Int64,TRUE,FALSE,FALSE,FALSE,,,-1,FALSE,
FreezingSection,PnPID,System.Int64,TRUE,FALSE,FALSE,FALSE,,,-1,FALSE,
CoolingSection,PnPID,System.Int64,TRUE,FALSE,FALSE,FALSE,,,-1,FALSE,
CoolingTrapGeneral,PnPID,System.Int64,TRUE,FALSE,FALSE,FALSE,,,-1,FALSE,
SoundAbsorberGeneral,PnPID,System.Int64,TRUE,FALSE,FALSE,FALSE,,,-1,FALSE,
DetonationSafeguardPipelines,PnPID,System.Int64,TRUE,FALSE,FALSE,FALSE,,,-1,FALSE,
FlashbackArrester,PnPID,System.Int64,TRUE,FALSE,FALSE,FALSE,,,-1,FALSE,
VapourTrapGeneral,PnPID,System.Int64,TRUE,FALSE,FALSE,FALSE,,,-1,FALSE,
PipingFittings,PnPID,System.Int64,TRUE,FALSE,FALSE,FALSE,,,-1,FALSE,
Blank,PnPID,System.Int64,TRUE,FALSE,FALSE,FALSE,,,-1,FALSE,
BlankWithFlanges,PnPID,System.Int64,TRUE,FALSE,FALSE,FALSE,,,-1,FALSE,
BlindDisk,PnPID,System.Int64,TRUE,FALSE,FALSE,FALSE,,,-1,FALSE,
BlindFlange,PnPID,System.Int64,TRUE,FALSE,FALSE,FALSE,,,-1,FALSE,
Cap,PnPID,System.Int64,TRUE,FALSE,FALSE,FALSE,,,-1,FALSE,
ChemicalSeal,PnPID,System.Int64,TRUE,FALSE,FALSE,FALSE,,,-1,FALSE,
ClosedFigure8Blind,PnPID,System.Int64,TRUE,FALSE,FALSE,FALSE,,,-1,FALSE,
ClosedFigure8BlindWithFlanges,PnPID,System.Int64,TRUE,FALSE,FALSE,FALSE,,,-1,FALSE,
Coupling,PnPID,System.Int64,TRUE,FALSE,FALSE,FALSE,,,-1,FALSE,
Flange,PnPID,System.Int64,TRUE,FALSE,FALSE,FALSE,,,-1,FALSE,
HoseConnection,PnPID,System.Int64,TRUE,FALSE,FALSE,FALSE,,,-1,FALSE,
MixingNozzleInjector,PnPID,System.Int64,TRUE,FALSE,FALSE,FALSE,,,-1,FALSE,
OpenFigure8Blind,PnPID,System.Int64,TRUE,FALSE,FALSE,FALSE,,,-1,FALSE,
OpenFigure8BlindWithFlanges,PnPID,System.Int64,TRUE,FALSE,FALSE,FALSE,,,-1,FALSE,
OrificePlate,PnPID,System.Int64,TRUE,FALSE,FALSE,FALSE,,,-1,FALSE,
Plug,PnPID,System.Int64,TRUE,FALSE,FALSE,FALSE,,,-1,FALSE,
SightGlass,PnPID,System.Int64,TRUE,FALSE,FALSE,FALSE,,,-1,FALSE,
Spacer,PnPID,System.Int64,TRUE,FALSE,FALSE,FALSE,,,-1,FALSE,
SpacerWithFlanges,PnPID,System.Int64,TRUE,FALSE,FALSE,FALSE,,,-1,FALSE,
SpectacleBlind,PnPID,System.Int64,TRUE,FALSE,FALSE,FALSE,,,-1,FALSE,
Strainer,PnPID,System.Int64,TRUE,FALSE,FALSE,FALSE,,,-1,FALSE,
UndefinedInterlockLogic,PnPID,System.Int64,TRUE,FALSE,FALSE,FALSE,,,-1,FALSE,
WeldedConnection,PnPID,System.Int64,TRUE,FALSE,FALSE,FALSE,,,-1,FALSE,
CouplingContinuouslyVariable,PnPID,System.Int64,TRUE,FALSE,FALSE,FALSE,,,-1,FALSE,
HydraulicCoupling,PnPID,System.Int64,TRUE,FALSE,FALSE,FALSE,,,-1,FALSE,
ElectromagneticCoupling,PnPID,System.Int64,TRUE,FALSE,FALSE,FALSE,,,-1,FALSE,
GearGeneral,PnPID,System.Int64,TRUE,FALSE,FALSE,FALSE,,,-1,FALSE,
PumpElectricMotorDriveGearboxTurboCoupling,PnPID,System.Int64,TRUE,FALSE,FALSE,FALSE,,,-1,FALSE,
PumpElectricMotorDriveSpeedControlCouplingBoosterPump,PnPID,System.Int64,TRUE,FALSE,FALSE,FALSE,,,-1,FALSE,
BurstingDiscBurstingDiagphragm,PnPID,System.Int64,TRUE,FALSE,FALSE,FALSE,,,-1,FALSE,
SteamTrapA,PnPID,System.Int64,TRUE,FALSE,FALSE,FALSE,,,-1,FALSE,
PipingSpecialtyItems,PnPID,System.Int64,TRUE,FALSE,FALSE,FALSE,,,-1,FALSE,
PipingSpecialtyItems,Tag,System.String,FALSE,FALSE,FALSE,FALSE,,,255,FALSE,
PipingSpecialtyItems,Type,System.String,FALSE,FALSE,FALSE,FALSE,,,255,FALSE,
PipingSpecialtyItems,Number,System.String,FALSE,FALSE,FALSE,FALSE,,,255,FALSE,
BasketStrainer,PnPID,System.Int64,TRUE,FALSE,FALSE,FALSE,,,-1,FALSE,
Breather,PnPID,System.Int64,TRUE,FALSE,FALSE,FALSE,,,-1,FALSE,
Compensator,PnPID,System.Int64,TRUE,FALSE,FALSE,FALSE,,,-1,FALSE,
ConeStrainer,PnPID,System.Int64,TRUE,FALSE,FALSE,FALSE,,,-1,FALSE,
Damper,PnPID,System.Int64,TRUE,FALSE,FALSE,FALSE,,,-1,FALSE,
Desuperheater,PnPID,System.Int64,TRUE,FALSE,FALSE,FALSE,,,-1,FALSE,
DetonationArrestor,PnPID,System.Int64,TRUE,FALSE,FALSE,FALSE,,,-1,FALSE,
DetonationProofFlameArrestor,PnPID,System.Int64,TRUE,FALSE,FALSE,FALSE,,,-1,FALSE,
DuplexStrainer,PnPID,System.Int64,TRUE,FALSE,FALSE,FALSE,,,-1,FALSE,
EjectorOrEductor,PnPID,System.Int64,TRUE,FALSE,FALSE,FALSE,,,-1,FALSE,
ExhaustHead,PnPID,System.Int64,TRUE,FALSE,FALSE,FALSE,,,-1,FALSE,
ExpansionJoint,PnPID,System.Int64,TRUE,FALSE,FALSE,FALSE,,,-1,FALSE,
ExplosionProofFlameArrestor,PnPID,System.Int64,TRUE,FALSE,FALSE,FALSE,,,-1,FALSE,
FilterPipe,PnPID,System.Int64,TRUE,FALSE,FALSE,FALSE,,,-1,FALSE,
FireResistantDetonationProofFlameArrestor,PnPID,System.Int64,TRUE,FALSE,FALSE,FALSE,,,-1,FALSE,
FireResistantFlameArrestor,PnPID,System.Int64,TRUE,FALSE,FALSE,FALSE,,,-1,FALSE,
FlameArrestor,PnPID,System.Int64,TRUE,FALSE,FALSE,FALSE,,,-1,FALSE,
FlexibleHose,PnPID,System.Int64,TRUE,FALSE,FALSE,FALSE,,,-1,FALSE,
Funnel,PnPID,System.Int64,TRUE,FALSE,FALSE,FALSE,,,-1,FALSE,
InLineMixer,PnPID,System.Int64,TRUE,FALSE,FALSE,FALSE,,,-1,FALSE,
InLineSilencer,PnPID,System.Int64,TRUE,FALSE,FALSE,FALSE,,,-1,FALSE,
PipeConduitJacket,PnPID,System.Int64,TRUE,FALSE,FALSE,FALSE,,,-1,FALSE,
PipeHeatingCooling,PnPID,System.Int64,TRUE,FALSE,FALSE,FALSE,,,-1,FALSE,
PipeHeatingCoolingInsulated,PnPID,System.Int64,TRUE,FALSE,FALSE,FALSE,,,-1,FALSE,
PipeInsulated,PnPID,System.Int64,TRUE,FALSE,FALSE,FALSE,,,-1,FALSE,
PulsationDamper,PnPID,System.Int64,TRUE,FALSE,FALSE,FALSE,,,-1,FALSE,
RemovableSpool,PnPID,System.Int64,TRUE,FALSE,FALSE,FALSE,,,-1,FALSE,
Siphon,PnPID,System.Int64,TRUE,FALSE,FALSE,FALSE,,,-1,FALSE,
SteamTrap,PnPID,System.Int64,TRUE,FALSE,FALSE,FALSE,,,-1,FALSE,
TemporaryStrainer,PnPID,System.Int64,TRUE,FALSE,FALSE,FALSE,,,-1,FALSE,
TTypeStrainer,PnPID,System.Int64,TRUE,FALSE,FALSE,FALSE,,,-1,FALSE,
VentCover,PnPID,System.Int64,TRUE,FALSE,FALSE,FALSE,,,-1,FALSE,
VentSilencer,PnPID,System.Int64,TRUE,FALSE,FALSE,FALSE,,,-1,FALSE,
YTypeStrainer,PnPID,System.Int64,TRUE,FALSE,FALSE,FALSE,,,-1,FALSE,
DischargeFunnel,PnPID,System.Int64,TRUE,FALSE,FALSE,FALSE,,,-1,FALSE,
DrainPan,PnPID,System.Int64,TRUE,FALSE,FALSE,FALSE,,,-1,FALSE,
DrainChannel,PnPID,System.Int64,TRUE,FALSE,FALSE,FALSE,,,-1,FALSE,
SprayNozzle,PnPID,System.Int64,TRUE,FALSE,FALSE,FALSE,,,-1,FALSE,
Suction,PnPID,System.Int64,TRUE,FALSE,FALSE,FALSE,,,-1,FALSE,
DischargeForGasSteam,PnPID,System.Int64,TRUE,FALSE,FALSE,FALSE,,,-1,FALSE,
Reducers,PnPID,System.Int64,TRUE,FALSE,FALSE,FALSE,,,-1,FALSE,
Reducers,Size2,System.String,FALSE,FALSE,FALSE,FALSE,,,255,FALSE,
ConcentricReducer,PnPID,System.Int64,TRUE,FALSE,FALSE,FALSE,,,-1,FALSE,
EccentricReducer,PnPID,System.Int64,TRUE,FALSE,FALSE,FALSE,,,-1,FALSE,
Reducer,PnPID,System.Int64,TRUE,FALSE,FALSE,FALSE,,,-1,FALSE,
Instrumentation,PnPID,System.Int64,TRUE,FALSE,FALSE,FALSE,,,-1,FALSE,
Instrumentation,Tag,System.String,FALSE,FALSE,FALSE,FALSE,,,255,FALSE,
Instrumentation,Area,System.String,FALSE,FALSE,FALSE,FALSE,,,255,FALSE,
Instrumentation,Type,System.String,FALSE,FALSE,FALSE,FALSE,,,255,FALSE,
Instrumentation,LoopNumber,System.String,FALSE,FALSE,FALSE,FALSE,,,255,FALSE,
Instrumentation,Location,System.String,FALSE,FALSE,FALSE,FALSE,,,255,FALSE,
GeneralInstrumentSymbols,PnPID,System.Int64,TRUE,FALSE,FALSE,FALSE,,,-1,FALSE,
AuxiliaryAccessibleComputer,PnPID,System.Int64,TRUE,FALSE,FALSE,FALSE,,,-1,FALSE,
AuxiliaryInaccessibleComputer,PnPID,System.Int64,TRUE,FALSE,FALSE,FALSE,,,-1,FALSE,
AuxiliaryLocAccessibleDCS,PnPID,System.Int64,TRUE,FALSE,FALSE,FALSE,,,-1,FALSE,
AuxiliaryLocAccessibleDiscreteInstrument,PnPID,System.Int64,TRUE,FALSE,FALSE,FALSE,,,-1,FALSE,
AuxiliaryLocAccessiblePLC,PnPID,System.Int64,TRUE,FALSE,FALSE,FALSE,,,-1,FALSE,
AuxiliaryLocInaccessibleDCS,PnPID,System.Int64,TRUE,FALSE,FALSE,FALSE,,,-1,FALSE,
AuxiliaryLocInaccessibleDiscreteInstrument,PnPID,System.Int64,TRUE,FALSE,FALSE,FALSE,,,-1,FALSE,
AuxiliaryLocInaccessiblePLC,PnPID,System.Int64,TRUE,FALSE,FALSE,FALSE,,,-1,FALSE,
FieldMountedComputer,PnPID,System.Int64,TRUE,FALSE,FALSE,FALSE,,,-1,FALSE,
FieldMountedDCS,PnPID,System.Int64,TRUE,FALSE,FALSE,FALSE,,,-1,FALSE,
FieldMountedDiscreteHardwareInterlock,PnPID,System.Int64,TRUE,FALSE,FALSE,FALSE,,,-1,FALSE,
FieldMountedDiscreteInstrument,PnPID,System.Int64,TRUE,FALSE,FALSE,FALSE,,,-1,FALSE,
FieldMountedPLC,PnPID,System.Int64,TRUE,FALSE,FALSE,FALSE,,,-1,FALSE,
PrimaryComputer,PnPID,System.Int64,TRUE,FALSE,FALSE,FALSE,,,-1,FALSE,
PrimaryInaccessibleComputer,PnPID,System.Int64,TRUE,FALSE,FALSE,FALSE,,,-1,FALSE,
PrimaryLocAccessibleDCS,PnPID,System.Int64,TRUE,FALSE,FALSE,FALSE,,,-1,FALSE,
PrimaryLocAccessibleDiscreteInstrument,PnPID,System.Int64,TRUE,FALSE,FALSE,FALSE,,,-1,FALSE,
PrimaryLocAccessiblePLC,PnPID,System.Int64,TRUE,FALSE,FALSE,FALSE,,,-1,FALSE,
PrimaryLocInaccessibleDCS,PnPID,System.Int64,TRUE,FALSE,FALSE,FALSE,,,-1,FALSE,
PrimaryLocInaccessibleDiscreteInstrument,PnPID,System.Int64,TRUE,FALSE,FALSE,FALSE,,,-1,FALSE,
PrimaryLocInaccessiblePLC,PnPID,System.Int64,TRUE,FALSE,FALSE,FALSE,,,-1,FALSE,
InlineInstruments,PnPID,System.Int64,TRUE,FALSE,FALSE,FALSE,,,-1,FALSE,
InlineInstruments,Size,System.String,FALSE,FALSE,FALSE,FALSE,,,255,FALSE,
InlineInstruments,EndConnections,System.String,FALSE,FALSE,FALSE,FALSE,,,255,FALSE,
AveragingPitotTube,PnPID,System.Int64,TRUE,FALSE,FALSE,FALSE,,,-1,FALSE,
ControlValve,PnPID,System.Int64,TRUE,FALSE,FALSE,FALSE,,,-1,FALSE,
ControlValve,ValveCode,System.String,FALSE,FALSE,FALSE,FALSE,,,255,FALSE,
ControlValve,Failure,System.String,FALSE,FALSE,FALSE,FALSE,,,255,FALSE,
ControlValve,BodyType,System.String,FALSE,FALSE,FALSE,FALSE,,,255,FALSE,
ControlValve,ActuatorType,System.String,FALSE,FALSE,FALSE,FALSE,,,255,FALSE,
ControlValve,Normally,System.String,FALSE,FALSE,FALSE,FALSE,,,255,FALSE,
CornerTap,PnPID,System.Int64,TRUE,FALSE,FALSE,FALSE,,,-1,FALSE,
ElementWithInternalTransmitter,PnPID,System.Int64,TRUE,FALSE,FALSE,FALSE,,,-1,FALSE,
ElementWithTransmitter,PnPID,System.Int64,TRUE,FALSE,FALSE,FALSE,,,-1,FALSE,
FloatTypeLevelIndicator,PnPID,System.Int64,TRUE,FALSE,FALSE,FALSE,,,-1,FALSE,
FlowConditioningDevice,PnPID,System.Int64,TRUE,FALSE,FALSE,FALSE,,,-1,FALSE,
FlowElement,PnPID,System.Int64,TRUE,FALSE,FALSE,FALSE,,,-1,FALSE,
FlowNozzle,PnPID,System.Int64,TRUE,FALSE,FALSE,FALSE,,,-1,FALSE,
FlowSwitch,PnPID,System.Int64,TRUE,FALSE,FALSE,FALSE,,,-1,FALSE,
Flume,PnPID,System.Int64,TRUE,FALSE,FALSE,FALSE,,,-1,FALSE,
Glass,PnPID,System.Int64,TRUE,FALSE,FALSE,FALSE,,,-1,FALSE,
InstrumentWell,PnPID,System.Int64,TRUE,FALSE,FALSE,FALSE,,,-1,FALSE,
Magnetic,PnPID,System.Int64,TRUE,FALSE,FALSE,FALSE,,,-1,FALSE,
Orifice,PnPID,System.Int64,TRUE,FALSE,FALSE,FALSE,,,-1,FALSE,
OrificeInQuickChangeFitting,PnPID,System.Int64,TRUE,FALSE,FALSE,FALSE,,,-1,FALSE,
PitotTube,PnPID,System.Int64,TRUE,FALSE,FALSE,FALSE,,,-1,FALSE,
PositiveDisplacement,PnPID,System.Int64,TRUE,FALSE,FALSE,FALSE,,,-1,FALSE,
ReliefValves,PnPID,System.Int64,TRUE,FALSE,FALSE,FALSE,,,-1,FALSE,
ReliefValves,ValveCode,System.String,FALSE,FALSE,FALSE,FALSE,,,255,FALSE,
ReliefValves,Failure,System.String,FALSE,FALSE,FALSE,FALSE,,,255,FALSE,
ReliefValves,SetPointType,System.String,FALSE,FALSE,FALSE,FALSE,,,255,FALSE,
ReliefValves,SetPoint,System.String,FALSE,FALSE,FALSE,FALSE,,,255,FALSE,
ReliefValves,Size2,System.String,FALSE,FALSE,FALSE,FALSE,,,255,FALSE,
AngleSafetyValve,PnPID,System.Int64,TRUE,FALSE,FALSE,FALSE,,,-1,FALSE,
AngleSpringSafetyValve,PnPID,System.Int64,TRUE,FALSE,FALSE,FALSE,,,-1,FALSE,
PilotOperatedReliefValve,PnPID,System.Int64,TRUE,FALSE,FALSE,FALSE,,,-1,FALSE,
PressureAndVacuumReliefValve,PnPID,System.Int64,TRUE,FALSE,FALSE,FALSE,,,-1,FALSE,
PressureReliefManholeCover,PnPID,System.Int64,TRUE,FALSE,FALSE,FALSE,,,-1,FALSE,
PressureReliefValve,PnPID,System.Int64,TRUE,FALSE,FALSE,FALSE,,,-1,FALSE,
PressureReliefValveWithSolenoid,PnPID,System.Int64,TRUE,FALSE,FALSE,FALSE,,,-1,FALSE,
RuptureDisc,PnPID,System.Int64,TRUE,FALSE,FALSE,FALSE,,,-1,FALSE,
RuptureDiscForPressureRelief,PnPID,System.Int64,TRUE,FALSE,FALSE,FALSE,,,-1,FALSE,
RuptureDiscForVacuumRelief,PnPID,System.Int64,TRUE,FALSE,FALSE,FALSE,,,-1,FALSE,
SafetyValve,PnPID,System.Int64,TRUE,FALSE,FALSE,FALSE,,,-1,FALSE,
VacuumReliefValve,PnPID,System.Int64,TRUE,FALSE,FALSE,FALSE,,,-1,FALSE,
RestrictionOrifice,PnPID,System.Int64,TRUE,FALSE,FALSE,FALSE,,,-1,FALSE,
Rotameter,PnPID,System.Int64,TRUE,FALSE,FALSE,FALSE,,,-1,FALSE,
RotameterWithIntegralValve,PnPID,System.Int64,TRUE,FALSE,FALSE,FALSE,,,-1,FALSE,
SurfaceMountedTemperatureSensor,PnPID,System.Int64,TRUE,FALSE,FALSE,FALSE,,,-1,FALSE,
Target,PnPID,System.Int64,TRUE,FALSE,FALSE,FALSE,,,-1,FALSE,
TurbineOrPropeller,PnPID,System.Int64,TRUE,FALSE,FALSE,FALSE,,,-1,FALSE,
Ultrasonic,PnPID,System.Int64,TRUE,FALSE,FALSE,FALSE,,,-1,FALSE,
Venturi,PnPID,System.Int64,TRUE,FALSE,FALSE,FALSE,,,-1,FALSE,
VolumeMeter,PnPID,System.Int64,TRUE,FALSE,FALSE,FALSE,,,-1,FALSE,
Vortex,PnPID,System.Int64,TRUE,FALSE,FALSE,FALSE,,,-1,FALSE,
WedgeMeter,PnPID,System.Int64,TRUE,FALSE,FALSE,FALSE,,,-1,FALSE,
Weir,PnPID,System.Int64,TRUE,FALSE,FALSE,FALSE,,,-1,FALSE,
Controller,PnPID,System.Int64,TRUE,FALSE,FALSE,FALSE,,,-1,FALSE,
SignalLamp,PnPID,System.Int64,TRUE,FALSE,FALSE,FALSE,,,-1,FALSE,
AcousticSignal,PnPID,System.Int64,TRUE,FALSE,FALSE,FALSE,,,-1,FALSE,
TelevisionCamera,PnPID,System.Int64,TRUE,FALSE,FALSE,FALSE,,,-1,FALSE,
Fault,PnPID,System.Int64,TRUE,FALSE,FALSE,FALSE,,,-1,FALSE,
EliminationOfFault,PnPID,System.Int64,TRUE,FALSE,FALSE,FALSE,,,-1,FALSE,
MeasuredValueIndicatorAnalogous,PnPID,System.Int64,TRUE,FALSE,FALSE,FALSE,,,-1,FALSE,
MeasuredValueIndicatorAnalogousZeroAtCentre,PnPID,System.Int64,TRUE,FALSE,FALSE,FALSE,,,-1,FALSE,
MeasuredValueIndicatorAnalogousNegativeRange,PnPID,System.Int64,TRUE,FALSE,FALSE,FALSE,,,-1,FALSE,
MeasuredValueIndicatorDigital,PnPID,System.Int64,TRUE,FALSE,FALSE,FALSE,,,-1,FALSE,
Recorder,PnPID,System.Int64,TRUE,FALSE,FALSE,FALSE,,,-1,FALSE,
GeneralCounter,PnPID,System.Int64,TRUE,FALSE,FALSE,FALSE,,,-1,FALSE,
Limiter,PnPID,System.Int64,TRUE,FALSE,FALSE,FALSE,,,-1,FALSE,
MaximumValueLimiter,PnPID,System.Int64,TRUE,FALSE,FALSE,FALSE,,,-1,FALSE,
MinimumValueLimiter,PnPID,System.Int64,TRUE,FALSE,FALSE,FALSE,,,-1,FALSE,
Adjuster,PnPID,System.Int64,TRUE,FALSE,FALSE,FALSE,,,-1,FALSE,
ChangeOverDevice,PnPID,System.Int64,TRUE,FALSE,FALSE,FALSE,,,-1,FALSE,
LockingDevice,PnPID,System.Int64,TRUE,FALSE,FALSE,FALSE,,,-1,FALSE,
MainPulseIncrease,PnPID,System.Int64,TRUE,FALSE,FALSE,FALSE,,,-1,FALSE,
MainPulseDecrease,PnPID,System.Int64,TRUE,FALSE,FALSE,FALSE,,,-1,FALSE,
LimitingPulseUpperLimitingValue,PnPID,System.Int64,TRUE,FALSE,FALSE,FALSE,,,-1,FALSE,
LimitingPulseLowerLimitingValue,PnPID,System.Int64,TRUE,FALSE,FALSE,FALSE,,,-1,FALSE,
LimitingPulseClosesUpperLimitingValue,PnPID,System.Int64,TRUE,FALSE,FALSE,FALSE,,,-1,FALSE,
LimitingPulseClosesLowerLimitingValue,PnPID,System.Int64,TRUE,FALSE,FALSE,FALSE,,,-1,FALSE,
FlowMeasurement,PnPID,System.Int64,TRUE,FALSE,FALSE,FALSE,,,-1,FALSE,
LevelMeasurement,PnPID,System.Int64,TRUE,FALSE,FALSE,FALSE,,,-1,FALSE,
HumidityMeasurement,PnPID,System.Int64,TRUE,FALSE,FALSE,FALSE,,,-1,FALSE,
PressureMeasurement,PnPID,System.Int64,TRUE,FALSE,FALSE,FALSE,,,-1,FALSE,
pHValueMeasurement,PnPID,System.Int64,TRUE,FALSE,FALSE,FALSE,,,-1,FALSE,
ConductivityMeasurement,PnPID,System.Int64,TRUE,FALSE,FALSE,FALSE,,,-1,FALSE,
RadiationMeasurement,PnPID,System.Int64,TRUE,FALSE,FALSE,FALSE,,,-1,FALSE,
LuminousRadiationMeasurement,PnPID,System.Int64,TRUE,FALSE,FALSE,FALSE,,,-1,FALSE,
IonizingradiationMeasurement,PnPID,System.Int64,TRUE,FALSE,FALSE,FALSE,,,-1,FALSE,
RotationalSpeedMeasurement,PnPID,System.Int64,TRUE,FALSE,FALSE,FALSE,,,-1,FALSE,
TemperatureMeasurement,PnPID,System.Int64,TRUE,FALSE,FALSE,FALSE,,,-1,FALSE,
ExpansionMeasurement,PnPID,System.Int64,TRUE,FALSE,FALSE,FALSE,,,-1,FALSE,
VibrationMeasurement,PnPID,System.Int64,TRUE,FALSE,FALSE,FALSE,,,-1,FALSE,
DetectorIonizingRadiationCountingTube,PnPID,System.Int64,TRUE,FALSE,FALSE,FALSE,,,-1,FALSE,
DetectorIonizingRadiationIonizationChamber,PnPID,System.Int64,TRUE,FALSE,FALSE,FALSE,,,-1,FALSE,
Lines,PnPID,System.Int64,TRUE,FALSE,FALSE,FALSE,,,-1,FALSE,
PipeLines,PnPID,System.Int64,TRUE,FALSE,FALSE,FALSE,,,-1,FALSE,
PipeLines,Tag,System.String,FALSE,FALSE,FALSE,FALSE,,,255,FALSE,
PipeLines,Size,System.String,FALSE,FALSE,FALSE,FALSE,,,255,FALSE,
PipeLines,Spec,System.String,FALSE,FALSE,FALSE,FALSE,,,255,FALSE,
PipeLines,Tracing,System.String,FALSE,FALSE,FALSE,FALSE,,,255,FALSE,
PipeLines,InsulationType,System.String,FALSE,FALSE,FALSE,FALSE,,,255,FALSE,
PipeLines,Insulation,System.String,FALSE,FALSE,FALSE,FALSE,,,255,FALSE,
PipeLines,PaintCode,System.String,FALSE,FALSE,FALSE,FALSE,,,255,FALSE,
PipeLines,To,System.String,FALSE,FALSE,FALSE,FALSE,,,255,FALSE,
PipeLines,From,System.String,FALSE,FALSE,FALSE,FALSE,,,255,FALSE,
PipeLines,OperatingTemperature,System.String,FALSE,FALSE,FALSE,FALSE,,,255,FALSE,
PipeLines,OperatingPressure,System.String,FALSE,FALSE,FALSE,FALSE,,,255,FALSE,
PipeLines,DesignPressure,System.String,FALSE,FALSE,FALSE,FALSE,,,255,FALSE,
PipeLines,DesignTemperature,System.String,FALSE,FALSE,FALSE,FALSE,,,255,FALSE,
PipeLines,TestingFluid,System.String,FALSE,FALSE,FALSE,FALSE,,,255,FALSE,
PipeLines,TestPressure,System.String,FALSE,FALSE,FALSE,FALSE,,,255,FALSE,
PipeLines,PostWeldHeatTreatment,System.String,FALSE,FALSE,FALSE,FALSE,,,255,FALSE,
PipeLines,Spec Part,System.String,FALSE,FALSE,FALSE,FALSE,,,255,FALSE,
PipeLines,SpecPartGuid,System.String,FALSE,FALSE,FALSE,FALSE,,,255,FALSE,
ExistingPrimary,PnPID,System.Int64,TRUE,FALSE,FALSE,FALSE,,,-1,FALSE,
ExistingSecondary,PnPID,System.Int64,TRUE,FALSE,FALSE,FALSE,,,-1,FALSE,
Jacketed,PnPID,System.Int64,TRUE,FALSE,FALSE,FALSE,,,-1,FALSE,
NewPrimary,PnPID,System.Int64,TRUE,FALSE,FALSE,FALSE,,,-1,FALSE,
NewSecondary,PnPID,System.Int64,TRUE,FALSE,FALSE,FALSE,,,-1,FALSE,
Primary,PnPID,System.Int64,TRUE,FALSE,FALSE,FALSE,,,-1,FALSE,
Secondary,PnPID,System.Int64,TRUE,FALSE,FALSE,FALSE,,,-1,FALSE,
SignalLines,PnPID,System.Int64,TRUE,FALSE,FALSE,FALSE,,,-1,FALSE,
SignalLines,Tag,System.String,FALSE,FALSE,FALSE,FALSE,,,255,FALSE,
SignalLines,From,System.String,FALSE,FALSE,FALSE,FALSE,,,255,FALSE,
SignalLines,To,System.String,FALSE,FALSE,FALSE,FALSE,,,255,FALSE,
CapillaryTube,PnPID,System.Int64,TRUE,FALSE,FALSE,FALSE,,,-1,FALSE,
Electrical,PnPID,System.Int64,TRUE,FALSE,FALSE,FALSE,,,-1,FALSE,
ElectromagneticSignal,PnPID,System.Int64,TRUE,FALSE,FALSE,FALSE,,,-1,FALSE,
ElectromagneticSignalNotGuided,PnPID,System.Int64,TRUE,FALSE,FALSE,FALSE,,,-1,FALSE,
GeneralSignal,PnPID,System.Int64,TRUE,FALSE,FALSE,FALSE,,,-1,FALSE,
Hydraulic,PnPID,System.Int64,TRUE,FALSE,FALSE,FALSE,,,-1,FALSE,
Leader,PnPID,System.Int64,TRUE,FALSE,FALSE,FALSE,,,-1,FALSE,
MechanicalLink,PnPID,System.Int64,TRUE,FALSE,FALSE,FALSE,,,-1,FALSE,
Pneumatic,PnPID,System.Int64,TRUE,FALSE,FALSE,FALSE,,,-1,FALSE,
Radiation,PnPID,System.Int64,TRUE,FALSE,FALSE,FALSE,,,-1,FALSE,
Software,PnPID,System.Int64,TRUE,FALSE,FALSE,FALSE,,,-1,FALSE,
Tubing,PnPID,System.Int64,TRUE,FALSE,FALSE,FALSE,,,-1,FALSE,
UndefinedSignal,PnPID,System.Int64,TRUE,FALSE,FALSE,FALSE,,,-1,FALSE,
Nozzles,PnPID,System.Int64,TRUE,FALSE,FALSE,FALSE,,,-1,FALSE,
Nozzles,Tag,System.String,FALSE,FALSE,FALSE,FALSE,,,255,FALSE,
Nozzles,Type,System.String,FALSE,FALSE,FALSE,FALSE,,,255,FALSE,
Nozzles,Size,System.String,FALSE,FALSE,FALSE,FALSE,,,255,FALSE,
Nozzles,Spec,System.String,FALSE,FALSE,FALSE,FALSE,,,255,FALSE,
Nozzles,Number,System.String,FALSE,FALSE,FALSE,FALSE,,,255,FALSE,
AssumedNozzle,PnPID,System.Int64,TRUE,FALSE,FALSE,FALSE,,,-1,FALSE,
DoubleLineNozzle,PnPID,System.Int64,TRUE,FALSE,FALSE,FALSE,,,-1,FALSE,
FlangedNozzle,PnPID,System.Int64,TRUE,FALSE,FALSE,FALSE,,,-1,FALSE,
FrontFacingNozzle,PnPID,System.Int64,TRUE,FALSE,FALSE,FALSE,,,-1,FALSE,
SingleLineNozzle,PnPID,System.Int64,TRUE,FALSE,FALSE,FALSE,,,-1,FALSE,
NonEngineeringItems,PnPID,System.Int64,TRUE,FALSE,FALSE,FALSE,,,-1,FALSE,
NonEngineeringItems,ClassName,System.String,FALSE,FALSE,FALSE,FALSE,,,255,FALSE,
NonEngineeringItems,Description,System.String,FALSE,FALSE,FALSE,FALSE,,,255,FALSE,
NonEngineeringItems,Comment,System.String,FALSE,FALSE,FALSE,FALSE,,,255,FALSE,
NonEngineeringItems,FlagValue,System.Int32,FALSE,FALSE,FALSE,FALSE,,,-1,FALSE,
NonEngineeringItems,AcquisitionProperties,System.String,FALSE,FALSE,FALSE,FALSE,,,255,FALSE,
NonEngineeringItems,ParamOnLine,System.Double,FALSE,FALSE,FALSE,FALSE,,,-1,FALSE,
Actuators,PnPID,System.Int64,TRUE,FALSE,FALSE,FALSE,,,-1,FALSE,
BackPressureRegulator,PnPID,System.Int64,TRUE,FALSE,FALSE,FALSE,,,-1,FALSE,
BackpressureRegulatorSelfContained,PnPID,System.Int64,TRUE,FALSE,FALSE,FALSE,,,-1,FALSE,
BackpressureRegulatorWithExternalPressureTap,PnPID,System.Int64,TRUE,FALSE,FALSE,FALSE,,,-1,FALSE,
BackPressureRegulatorWithExternalTap,PnPID,System.Int64,TRUE,FALSE,FALSE,FALSE,,,-1,FALSE,
CylinderOrPiston,PnPID,System.Int64,TRUE,FALSE,FALSE,FALSE,,,-1,FALSE,
Diaphragm,PnPID,System.Int64,TRUE,FALSE,FALSE,FALSE,,,-1,FALSE,
DiaphragmSpring,PnPID,System.Int64,TRUE,FALSE,FALSE,FALSE,,,-1,FALSE,
DifferentialPressureReducingregulator,PnPID,System.Int64,TRUE,FALSE,FALSE,FALSE,,,-1,FALSE,
Digital,PnPID,System.Int64,TRUE,FALSE,FALSE,FALSE,,,-1,FALSE,
ElectroHydraulic,PnPID,System.Int64,TRUE,FALSE,FALSE,FALSE,,,-1,FALSE,
HandWheelWithActuator,PnPID,System.Int64,TRUE,FALSE,FALSE,FALSE,,,-1,FALSE,
ManualOperator,PnPID,System.Int64,TRUE,FALSE,FALSE,FALSE,,,-1,FALSE,
PositionerAndSolenoid,PnPID,System.Int64,TRUE,FALSE,FALSE,FALSE,,,-1,FALSE,
PressureBalancedDiaphragm,PnPID,System.Int64,TRUE,FALSE,FALSE,FALSE,,,-1,FALSE,
PressureReducingRegulator,PnPID,System.Int64,TRUE,FALSE,FALSE,FALSE,,,-1,FALSE,
PressureReducingRegulatorWithExternalTap,PnPID,System.Int64,TRUE,FALSE,FALSE,FALSE,,,-1,FALSE,
PressureReducingRegulatorWithIntegralOutlet,PnPID,System.Int64,TRUE,FALSE,FALSE,FALSE,,,-1,FALSE,
RotaryMotor,PnPID,System.Int64,TRUE,FALSE,FALSE,FALSE,,,-1,FALSE,
Solenoid,PnPID,System.Int64,TRUE,FALSE,FALSE,FALSE,,,-1,FALSE,
SolenoidManualReset,PnPID,System.Int64,TRUE,FALSE,FALSE,FALSE,,,-1,FALSE,
SolenoidRemoteReset,PnPID,System.Int64,TRUE,FALSE,FALSE,FALSE,,,-1,FALSE,
Spring,PnPID,System.Int64,TRUE,FALSE,FALSE,FALSE,,,-1,FALSE,
TemperatureRegulatorFilledSystemType,PnPID,System.Int64,TRUE,FALSE,FALSE,FALSE,,,-1,FALSE,
ThrottlingActuator,PnPID,System.Int64,TRUE,FALSE,FALSE,FALSE,,,-1,FALSE,
VelocityIncreased,PnPID,System.Int64,TRUE,FALSE,FALSE,FALSE,,,-1,FALSE,
ValveWithMovementQuickBothDirections,PnPID,System.Int64,TRUE,FALSE,FALSE,FALSE,,,-1,FALSE,
ValveIndicationOfTheDirectionUp,PnPID,System.Int64,TRUE,FALSE,FALSE,FALSE,,,-1,FALSE,
ValveIndicationOfTheDirectionDown,PnPID,System.Int64,TRUE,FALSE,FALSE,FALSE,,,-1,FALSE,
ValveWithRemainsPresetPosition,PnPID,System.Int64,TRUE,FALSE,FALSE,FALSE,,,-1,FALSE,
ValveConnectionsOnValveBody,PnPID,System.Int64,TRUE,FALSE,FALSE,FALSE,,,-1,FALSE,
ValveConnectionForSealingMedia,PnPID,System.Int64,TRUE,FALSE,FALSE,FALSE,,,-1,FALSE,
ValveConnectionForSuction,PnPID,System.Int64,TRUE,FALSE,FALSE,FALSE,,,-1,FALSE,
ConnectionForNonCirculatingCooling,PnPID,System.Int64,TRUE,FALSE,FALSE,FALSE,,,-1,FALSE,
ValveStemPenetratingWall,PnPID,System.Int64,TRUE,FALSE,FALSE,FALSE,,,-1,FALSE,
ValveWithCoupling,PnPID,System.Int64,TRUE,FALSE,FALSE,FALSE,,,-1,FALSE,
ValveWithCouplinglocatedUnderFloor,PnPID,System.Int64,TRUE,FALSE,FALSE,FALSE,,,-1,FALSE,
MotorActuated,PnPID,System.Int64,TRUE,FALSE,FALSE,FALSE,,,-1,FALSE,
FluidActuated,PnPID,System.Int64,TRUE,FALSE,FALSE,FALSE,,,-1,FALSE,
WeightForce,PnPID,System.Int64,TRUE,FALSE,FALSE,FALSE,,,-1,FALSE,
SafetyWeightLoaded,PnPID,System.Int64,TRUE,FALSE,FALSE,FALSE,,,-1,FALSE,
SafetySpringLoaded,PnPID,System.Int64,TRUE,FALSE,FALSE,FALSE,,,-1,FALSE,
WeightAuxiliaryElectricMotor,PnPID,System.Int64,TRUE,FALSE,FALSE,FALSE,,,-1,FALSE,
SpringAuxiliarySolenoid,PnPID,System.Int64,TRUE,FALSE,FALSE,FALSE,,,-1,FALSE,
ElectricMotorAuxiliaryPiston,PnPID,System.Int64,TRUE,FALSE,FALSE,FALSE,,,-1,FALSE,
ElectricMotorAuxiliaryActuator,PnPID,System.Int64,TRUE,FALSE,FALSE,FALSE,,,-1,FALSE,
ElectricMotorsQuickClosingActuator,PnPID,System.Int64,TRUE,FALSE,FALSE,FALSE,,,-1,FALSE,
Annotation,PnPID,System.Int64,TRUE,FALSE,FALSE,FALSE,,,-1,FALSE,
ClosedDrainNoPID,PnPID,System.Int64,TRUE,FALSE,FALSE,FALSE,,,-1,FALSE,
ClosedDrainNoPID,DestinationLineServiceCode,System.String,FALSE,FALSE,FALSE,FALSE,,,255,FALSE,
Connectors,PnPID,System.Int64,TRUE,FALSE,FALSE,FALSE,,,-1,FALSE,
Connectors,ConnectorNumber,System.String,FALSE,FALSE,FALSE,FALSE,,,255,FALSE,
ClosedDrain,PnPID,System.Int64,TRUE,FALSE,FALSE,FALSE,,,-1,FALSE,
ClosedDrain,DestinationLineServiceCode,System.String,FALSE,FALSE,FALSE,FALSE,,,255,FALSE,
InletOutletFlowArrow,PnPID,System.Int64,TRUE,FALSE,FALSE,FALSE,,,-1,FALSE,
InletOutletFlowArrow,OriginOrDestination,System.String,FALSE,FALSE,FALSE,FALSE,,,255,FALSE,
LinesAndInstrumentSignalConnector,PnPID,System.Int64,TRUE,FALSE,FALSE,FALSE,,,-1,FALSE,
LinesAndInstrumentSignalConnector,OriginOrDestination,System.String,FALSE,FALSE,FALSE,FALSE,,,255,FALSE,
OffPageConnector,PnPID,System.Int64,TRUE,FALSE,FALSE,FALSE,,,-1,FALSE,
OffPageConnector,OriginOrDestination,System.String,FALSE,FALSE,FALSE,FALSE,,,255,FALSE,
OpenDrain,PnPID,System.Int64,TRUE,FALSE,FALSE,FALSE,,,-1,FALSE,
OpenDrain,DestinationLineServiceCode,System.String,FALSE,FALSE,FALSE,FALSE,,,255,FALSE,
UtilityConnector,PnPID,System.Int64,TRUE,FALSE,FALSE,FALSE,,,-1,FALSE,
FlowArrow,PnPID,System.Int64,TRUE,FALSE,FALSE,FALSE,,,-1,FALSE,
Flag,PnPID,System.Int64,TRUE,FALSE,FALSE,FALSE,,,-1,FALSE,
Gap,PnPID,System.Int64,TRUE,FALSE,FALSE,FALSE,,,-1,FALSE,
LineBreakers,PnPID,System.Int64,TRUE,FALSE,FALSE,FALSE,,,-1,FALSE,
GeneralLimit,PnPID,System.Int64,TRUE,FALSE,FALSE,FALSE,,,-1,FALSE,
SegmentBreaker,PnPID,System.Int64,TRUE,FALSE,FALSE,FALSE,,,-1,FALSE,
Pins,PnPID,System.Int64,TRUE,FALSE,FALSE,FALSE,,,-1,FALSE,
OpenPin,PnPID,System.Int64,TRUE,FALSE,FALSE,FALSE,,,-1,FALSE,
ClosedPin,PnPID,System.Int64,TRUE,FALSE,FALSE,FALSE,,,-1,FALSE,
OpenDrainNoPID,PnPID,System.Int64,TRUE,FALSE,FALSE,FALSE,,,-1,FALSE,
OpenDrainNoPID,DestinationLineServiceCode,System.String,FALSE,FALSE,FALSE,FALSE,,,255,FALSE,
TieInSymbol,PnPID,System.Int64,TRUE,FALSE,FALSE,FALSE,,,-1,FALSE,
TieInSymbol,TieInNumber,System.String,FALSE,FALSE,FALSE,FALSE,,,255,FALSE,
PipeLineGroup,PnPID,System.Int64,TRUE,FALSE,FALSE,FALSE,,,-1,FALSE,
PipeLineGroup,Tag,System.String,FALSE,FALSE,FALSE,FALSE,,,255,FALSE,
PipeLineGroup,LineNumber,System.String,FALSE,FALSE,FALSE,FALSE,,,255,FALSE,
PipeLineGroup,Description,System.String,FALSE,FALSE,FALSE,FALSE,,,255,FALSE,
PipeLineGroup,Service,System.String,FALSE,FALSE,FALSE,FALSE,,,255,FALSE,
PipeLineGroup,NominalSize,System.String,FALSE,FALSE,FALSE,FALSE,,,255,FALSE,
PipeLineGroup,NominalSpec,System.String,FALSE,FALSE,FALSE,FALSE,,,255,FALSE,
PipeLineGroup,Comment,System.String,FALSE,FALSE,FALSE,FALSE,,,255,FALSE,
PipeLineGroup,AcquisitionProperties,System.String,FALSE,FALSE,FALSE,FALSE,,,255,FALSE,
PipeLineGroup,Status,System.String,FALSE,FALSE,FALSE,FALSE,,,255,FALSE,
SignalLineGroup,PnPID,System.Int64,TRUE,FALSE,FALSE,FALSE,,,-1,FALSE,
SignalLineGroup,Description,System.String,FALSE,FALSE,FALSE,FALSE,,,255,FALSE,
SignalLineGroup,Comment,System.String,FALSE,FALSE,FALSE,FALSE,,,255,FALSE,
SignalLineGroup,AcquisitionProperties,System.String,FALSE,FALSE,FALSE,FALSE,,,255,FALSE,
SignalLineGroup,Status,System.String,FALSE,FALSE,FALSE,FALSE,,,255,FALSE,
PnPWorkHistory,PnPID,System.Int64,TRUE,FALSE,FALSE,FALSE,,,-1,FALSE,
PnPWorkHistory,DwgGuid,System.String,FALSE,FALSE,FALSE,FALSE,,,255,FALSE,
PnPWorkHistory,HistoryGuid,System.String,FALSE,FALSE,FALSE,FALSE,,,255,FALSE,
PnPWorkHistory,Author,System.String,FALSE,FALSE,FALSE,FALSE,,,255,FALSE,
PnPWorkHistory,Startdate,System.String,FALSE,FALSE,FALSE,FALSE,,,255,FALSE,
PnPWorkHistory,Enddate,System.String,FALSE,FALSE,FALSE,FALSE,,,255,FALSE,
PnPWorkHistory,Status,System.String,FALSE,FALSE,FALSE,FALSE,,,255,FALSE,
PnPWorkHistory,Notes,System.String,FALSE,FALSE,FALSE,FALSE,,,255,FALSE,
PnPPainterStyles,PnPID,System.Int64,TRUE,FALSE,FALSE,FALSE,,,-1,FALSE,
PnPPainterStyles,StyleName,System.String,FALSE,FALSE,FALSE,FALSE,,,255,FALSE,
PnPPainterStyles,ColorBy,System.String,FALSE,FALSE,FALSE,FALSE,,,255,FALSE,
PnPPainterStyles,StyleDecription,System.String,FALSE,FALSE,FALSE,FALSE,,,255,FALSE,
PnPPainterStyles,PropertyTableName,System.String,FALSE,FALSE,FALSE,FALSE,,,255,FALSE,
PnPGlobalPainterStyle,PnPID,System.Int64,TRUE,FALSE,FALSE,FALSE,,,-1,FALSE,
PnPGlobalPainterStyle,CurrentStyle,System.String,FALSE,FALSE,FALSE,FALSE,,,255,FALSE,
PnPPainterColorSettings,PnPID,System.Int64,TRUE,FALSE,FALSE,FALSE,,,-1,FALSE,
PnPPainterColorSettings,StyleName,System.String,FALSE,FALSE,FALSE,FALSE,,,255,FALSE,
PnPPainterColorSettings,PropValue,System.String,FALSE,FALSE,FALSE,FALSE,,,255,FALSE,
PnPPainterColorSettings,ColorValue,System.String,FALSE,FALSE,FALSE,FALSE,,,255,FALSE,
PnPPainterColorSettings,TransparencyValue,System.Double,FALSE,FALSE,FALSE,FALSE,,,-1,FALSE,
PnPGeometry,PnPID,System.Int64,TRUE,FALSE,FALSE,FALSE,,,-1,FALSE,
PnPGeometry,DataLinksId,System.Int32,FALSE,FALSE,FALSE,FALSE,,,-1,FALSE,
PnPGeometry,Geometry,System.String,FALSE,FALSE,FALSE,FALSE,,,255,FALSE,
PnPGeometry,Scale,System.String,FALSE,FALSE,FALSE,FALSE,,,255,FALSE,
PnPGeometry,Normal,System.String,FALSE,FALSE,FALSE,FALSE,,,255,FALSE,
PnPGeometry,XAxis,System.String,FALSE,FALSE,FALSE,FALSE,,,255,FALSE,
PnPProjectCategories,CategoryName,System.String,FALSE,FALSE,FALSE,FALSE,,,255,FALSE,
PnPProjectCategories,DisplayName,System.String,FALSE,FALSE,FALSE,FALSE,,,255,FALSE,
PnPProjectCategories,PnPID,System.Int64,TRUE,FALSE,FALSE,FALSE,,,-1,FALSE,
PnPProject,PnPID,System.Int64,TRUE,FALSE,FALSE,FALSE,,,-1,FALSE,
PnPProject,Project_Name,System.String,FALSE,FALSE,FALSE,FALSE,,,64000,FALSE,
PnPProject,Project_Description,System.String,FALSE,FALSE,FALSE,FALSE,,,64000,FALSE,
PnPProject,Project_Number,System.String,FALSE,FALSE,FALSE,FALSE,,,64000,FALSE,
PnPProject,Version,System.String,FALSE,FALSE,FALSE,FALSE,,,64000,FALSE,
PnPProject,Project_Standard,System.String,FALSE,FALSE,FALSE,FALSE,,,64000,FALSE,
PnPProject,ToolPaletteGroupName,System.String,FALSE,FALSE,FALSE,FALSE,,,64000,FALSE,
PnPProject,ToolPaletteGroupNameForPiping,System.String,FALSE,FALSE,FALSE,FALSE,,,64000,FALSE,
PnPDrawingCategories,CategoryName,System.String,FALSE,FALSE,FALSE,FALSE,,,255,FALSE,
PnPDrawingCategories,DisplayName,System.String,FALSE,FALSE,FALSE,FALSE,,,255,FALSE,
PnPDrawingCategories,PnPID,System.Int64,TRUE,FALSE,FALSE,FALSE,,,-1,FALSE,
PnPPicklists,PicklistName,System.String,FALSE,FALSE,FALSE,FALSE,,,255,FALSE,
PnPPicklists,DisplayName,System.String,FALSE,FALSE,FALSE,FALSE,,,255,FALSE,
PnPPicklists,PicklistType,System.String,FALSE,FALSE,FALSE,FALSE,,,255,FALSE,
PnPPicklists,IsReadOnly,System.Boolean,FALSE,FALSE,FALSE,FALSE,,,-1,FALSE,
PnPPicklists,PnPID,System.Int64,TRUE,FALSE,FALSE,FALSE,,,-1,FALSE,
PnPPicklistValues,PicklistValue,System.String,FALSE,FALSE,FALSE,FALSE,,,255,FALSE,
PnPPicklistValues,PicklistId,System.Int32,FALSE,FALSE,FALSE,FALSE,,,-1,FALSE,
PnPPicklistValues,PicklistValueDescription,System.String,FALSE,FALSE,FALSE,FALSE,,,255,FALSE,
PnPPicklistValues,PnPID,System.Int64,TRUE,FALSE,FALSE,FALSE,,,-1,FALSE,
PnPProjectVariables,Name,System.String,FALSE,FALSE,FALSE,FALSE,,,255,FALSE,
PnPProjectVariables,Value,System.String,FALSE,FALSE,FALSE,FALSE,,,255,FALSE,
PnPProjectVariables,PnPID,System.Int64,TRUE,FALSE,FALSE,FALSE,,,-1,FALSE,
PnPTagFormat,Name,System.String,FALSE,FALSE,FALSE,FALSE,,,255,FALSE,
PnPTagFormat,Value,System.String,FALSE,FALSE,FALSE,FALSE,,,255,FALSE,
PnPTagFormat,ClassName,System.String,FALSE,FALSE,FALSE,FALSE,,,255,FALSE,
PnPTagFormat,PnPID,System.Int64,TRUE,FALSE,FALSE,FALSE,,,-1,FALSE,
FileNameFormat,PnPID,System.Int64,TRUE,FALSE,FALSE,FALSE,,,-1,FALSE,
FileNameFormat,Name,System.String,FALSE,FALSE,FALSE,TRUE,,,64000,FALSE,
FileNameFormat,Type,System.String,FALSE,FALSE,FALSE,FALSE,,,64000,FALSE,
FileNameFormat,Length,System.Int32,FALSE,FALSE,FALSE,FALSE,,,-1,FALSE,
FileNameFormat,Delimiter,System.String,FALSE,FALSE,FALSE,FALSE,,,64000,FALSE,
FileNameFormat,IsSelectionList,System.Boolean,FALSE,FALSE,FALSE,FALSE,,,-1,FALSE,
PnPAutoGenProperties,PnPDrawingGuid,System.String,FALSE,FALSE,FALSE,FALSE,,,255,FALSE,
PnPAutoGenProperties,Name,System.String,FALSE,FALSE,FALSE,FALSE,,,255,FALSE,
PnPAutoGenProperties,Description,System.String,FALSE,FALSE,FALSE,FALSE,,,255,FALSE,
PnPAutoGenProperties,DisplayName,System.String,FALSE,FALSE,FALSE,FALSE,,,255,FALSE,
PnPAutoGenProperties,LastUsedValue,System.Int32,FALSE,FALSE,FALSE,FALSE,,,-1,FALSE,
PnPAutoGenProperties,Increment,System.Int32,FALSE,FALSE,FALSE,FALSE,,,-1,FALSE,
PnPAutoGenProperties,PnPID,System.Int64,TRUE,FALSE,FALSE,FALSE,,,-1,FALSE,
PnPDrawingCustomProperties,PnPDrawingGuid,System.String,FALSE,FALSE,FALSE,FALSE,,,255,FALSE,
PnPDrawingCustomProperties,Name,System.String,FALSE,FALSE,FALSE,FALSE,,,255,FALSE,
PnPDrawingCustomProperties,Description,System.String,FALSE,FALSE,FALSE,FALSE,,,255,FALSE,
PnPDrawingCustomProperties,Value,System.String,FALSE,FALSE,FALSE,FALSE,,,255,FALSE,
PnPDrawingCustomProperties,PnPID,System.Int64,TRUE,FALSE,FALSE,FALSE,,,-1,FALSE,
PnPProject,Project_Data_Address,System.String,FALSE,FALSE,FALSE,FALSE,,,64000,FALSE,
PnPProject,Project_Data_City,System.String,FALSE,FALSE,FALSE,FALSE,,,64000,FALSE,
PnPProject,Project_Data_State,System.String,FALSE,FALSE,FALSE,FALSE,,,64000,FALSE,
PnPProject,Project_Data_Zip,System.String,FALSE,FALSE,FALSE,FALSE,,,64000,FALSE,
PnPProject,Project_Data_Telephone,System.String,FALSE,FALSE,FALSE,FALSE,,,64000,FALSE,
PnPProject,Project_Data_Project_Manager,System.String,FALSE,FALSE,FALSE,FALSE,,,64000,FALSE,
PnPProject,Client_Information_Company_Name,System.String,FALSE,FALSE,FALSE,FALSE,,,64000,FALSE,
PnPProject,Client_Information_Primary_Contact,System.String,FALSE,FALSE,FALSE,FALSE,,,64000,FALSE,
PnPDrawings,Description,System.String,FALSE,FALSE,FALSE,FALSE,,,255,FALSE,
PnPTagRegistry,Tag,System.String,FALSE,FALSE,FALSE,TRUE,,,255,FALSE,
PnPTagRegistry,RowId,System.Int32,FALSE,FALSE,FALSE,TRUE,,,-1,FALSE,
PnPTagRegistry,PnPID,System.Int64,TRUE,FALSE,FALSE,FALSE,,,-1,FALSE,
Vessel,VesselName,System.String,FALSE,FALSE,FALSE,FALSE,,,255,FALSE,
OffPageConnector,AdditionalInfo,System.String,FALSE,FALSE,FALSE,FALSE,,,255,FALSE,
Vessel,D1,System.String,FALSE,FALSE,FALSE,FALSE,,,255,FALSE,
Vessel,D2,System.String,FALSE,FALSE,FALSE,FALSE,,,255,FALSE,
Vessel,D3,System.String,FALSE,FALSE,FALSE,FALSE,,,255,FALSE,
Vessel,D4,System.String,FALSE,FALSE,FALSE,FALSE,,,255,FALSE,
Vessel,D5,System.String,FALSE,FALSE,FALSE,FALSE,,,255,FALSE,
Vessel,D6,System.String,FALSE,FALSE,FALSE,FALSE,,,255,FALSE,
Vessel,D7,System.String,FALSE,FALSE,FALSE,FALSE,,,255,FALSE,
FIELDCS2,PnPID,System.Int64,TRUE,FALSE,FALSE,FALSE,,,-1,FALSE,
CentrifugalPump,D1,System.String,FALSE,FALSE,FALSE,FALSE,,,255,FALSE,
CentrifugalPump,D2,System.String,FALSE,FALSE,FALSE,FALSE,,,255,FALSE,
CentrifugalPump,D3,System.String,FALSE,FALSE,FALSE,FALSE,,,255,FALSE,
CentrifugalPump,D4,System.String,FALSE,FALSE,FALSE,FALSE,,,255,FALSE,
CentrifugalPump,D5,System.String,FALSE,FALSE,FALSE,FALSE,,,255,FALSE,
CentrifugalPump,D6,System.String,FALSE,FALSE,FALSE,FALSE,,,255,FALSE,
CentrifugalPump,D7,System.String,FALSE,FALSE,FALSE,FALSE,,,255,FALSE,
ElectricMotor,D1,System.String,FALSE,FALSE,FALSE,FALSE,,,255,FALSE,
ElectricMotor,D2,System.String,FALSE,FALSE,FALSE,FALSE,,,255,FALSE,
ElectricMotor,D3,System.String,FALSE,FALSE,FALSE,FALSE,,,255,FALSE,
ElectricMotor,D4,System.String,FALSE,FALSE,FALSE,FALSE,,,255,FALSE,
ElectricMotor,D5,System.String,FALSE,FALSE,FALSE,FALSE,,,255,FALSE,
ElectricMotor,D6,System.String,FALSE,FALSE,FALSE,FALSE,,,255,FALSE,
ElectricMotor,D7,System.String,FALSE,FALSE,FALSE,FALSE,,,255,FALSE,
FIELDDCS3,PnPID,System.Int64,TRUE,FALSE,FALSE,FALSE,,,-1,FALSE,
PressureReliefValve,D1,System.String,FALSE,FALSE,FALSE,FALSE,,,255,FALSE,
PressureReliefValve,D2,System.String,FALSE,FALSE,FALSE,FALSE,,,255,FALSE,
PressureReliefValve,D3,System.String,FALSE,FALSE,FALSE,FALSE,,,255,FALSE,
PressureReliefValve,D4,System.String,FALSE,FALSE,FALSE,FALSE,,,255,FALSE,
AngleValve,D1,System.String,FALSE,FALSE,FALSE,FALSE,,,255,FALSE,
AngleValve,D2,System.String,FALSE,FALSE,FALSE,FALSE,,,255,FALSE,
AngleValve,D3,System.String,FALSE,FALSE,FALSE,FALSE,,,255,FALSE,
AngleValve,D4,System.String,FALSE,FALSE,FALSE,FALSE,,,255,FALSE,
General1HeatExchanger,D1,System.String,FALSE,FALSE,FALSE,FALSE,,,255,FALSE,
General1HeatExchanger,D2,System.String,FALSE,FALSE,FALSE,FALSE,,,255,FALSE,
General1HeatExchanger,D3,System.String,FALSE,FALSE,FALSE,FALSE,,,255,FALSE,
General1HeatExchanger,D4,System.String,FALSE,FALSE,FALSE,FALSE,,,255,FALSE,
General1HeatExchanger,D5,System.String,FALSE,FALSE,FALSE,FALSE,,,255,FALSE,
General1HeatExchanger,D6,System.String,FALSE,FALSE,FALSE,FALSE,,,255,FALSE,
General1HeatExchanger,D7,System.String,FALSE,FALSE,FALSE,FALSE,,,255,FALSE,
Vessel,N1,System.String,FALSE,FALSE,FALSE,FALSE,,,255,FALSE,
Vessel,N2,System.String,FALSE,FALSE,FALSE,FALSE,,,255,FALSE,
Vessel,N3,System.String,FALSE,FALSE,FALSE,FALSE,,,255,FALSE,
Vessel,N4,System.String,FALSE,FALSE,FALSE,FALSE,,,255,FALSE,
Vessel,N5,System.String,FALSE,FALSE,FALSE,FALSE,,,255,FALSE,
Vessel,N6,System.String,FALSE,FALSE,FALSE,FALSE,,,255,FALSE,
Vessel,N7,System.String,FALSE,FALSE,FALSE,FALSE,,,255,FALSE,
Vessel,N8,System.String,FALSE,FALSE,FALSE,FALSE,,,255,FALSE,
Vessel,N9,System.String,FALSE,FALSE,FALSE,FALSE,,,255,FALSE,
Vessel,VOLUME,System.String,FALSE,FALSE,FALSE,FALSE,,,255,FALSE,
Vessel,DMP,System.String,FALSE,FALSE,FALSE,FALSE,,,255,FALSE,
Vessel,TEMP,System.String,FALSE,FALSE,FALSE,FALSE,,,255,FALSE,
